url_length,https,subdomains,special_chars,status
76,0,1,0,1
38,0,1,1,1
83,0,3,1,1
49,0,2,0,0
32,0,2,0,1
131,0,7,1,1
35,0,2,0,1
17,1,1,0,1
64,1,2,0,0
29,1,2,0,0
44,1,2,0,0
47,1,4,0,1
31,0,2,0,1
59,0,2,0,0
29,0,2,0,1
23,1,1,0,0
28,1,2,0,0
43,1,2,0,0
76,0,3,0,0
20,0,1,0,1
28,1,2,0,1
25,0,2,0,0
21,1,2,0,0
47,1,3,0,1
77,0,1,0,1
19,0,2,0,0
52,1,2,0,0
26,0,2,0,1
93,0,5,0,1
29,1,2,0,0
35,0,2,0,1
66,1,2,0,0
33,1,1,0,0
111,0,4,1,1
31,1,2,0,0
254,0,3,1,1
72,1,3,0,0
18,0,1,0,0
33,0,2,0,0
126,0,4,1,1
40,0,3,0,1
29,1,1,0,1
64,1,2,0,0
53,1,2,0,0
80,1,3,0,0
22,0,3,0,1
25,0,2,0,0
106,1,2,0,1
39,0,2,0,0
56,0,2,0,0
65,0,2,0,1
89,1,3,0,1
163,1,1,1,1
52,0,3,0,1
39,0,1,0,1
132,1,3,1,1
63,0,3,0,1
28,0,2,0,1
43,0,3,0,1
42,0,1,0,1
34,1,2,0,1
51,0,5,0,1
42,1,2,0,0
26,0,1,0,1
88,1,7,1,1
64,1,3,1,0
41,0,1,0,0
156,0,4,1,1
47,0,2,0,0
39,1,2,0,1
27,1,3,0,0
29,0,2,0,0
40,0,1,0,0
113,0,3,1,1
19,0,2,0,1
113,1,2,1,1
27,1,2,0,0
23,0,2,0,0
61,0,3,0,0
76,0,2,0,1
21,1,2,0,0
34,1,2,0,0
40,0,2,0,1
56,0,3,0,1
47,0,2,0,0
72,1,2,1,1
59,1,4,0,1
527,0,2,0,1
33,0,2,0,1
75,0,3,0,0
69,0,3,0,0
74,0,3,0,0
29,0,1,0,1
25,0,1,0,1
56,0,1,0,1
80,0,3,0,1
206,1,3,1,1
80,0,3,0,0
26,1,2,0,0
75,0,2,0,1
360,0,4,1,1
40,1,3,0,0
78,0,2,0,0
95,0,3,0,1
25,1,2,0,0
47,0,2,0,1
51,0,2,0,1
35,1,2,0,1
39,1,2,0,0
50,1,2,1,1
107,0,3,2,1
66,0,2,0,1
79,1,3,0,1
38,0,2,0,1
32,0,2,0,1
17,0,2,0,0
36,0,2,0,1
34,0,1,0,1
58,0,2,0,0
81,1,5,1,1
44,0,2,0,1
42,0,3,0,1
39,1,2,0,0
31,0,2,0,0
43,1,4,0,1
31,0,2,0,0
38,0,2,0,1
78,1,2,0,0
52,1,2,0,0
127,1,4,1,1
36,1,2,0,1
77,1,3,0,0
88,1,3,0,0
62,1,2,0,0
43,0,2,0,0
143,1,3,0,1
21,1,2,0,0
40,0,2,0,0
177,1,2,1,1
26,0,2,0,1
72,0,2,0,0
21,0,1,0,1
76,1,2,0,0
105,0,1,0,1
70,1,2,0,0
35,0,3,0,0
42,0,3,0,0
83,0,4,0,1
39,0,3,0,0
61,0,3,0,1
48,1,3,0,0
40,0,2,0,0
35,0,2,0,1
44,1,2,0,1
40,0,2,0,0
29,1,1,0,1
77,1,3,0,0
63,1,3,0,1
172,0,6,1,1
23,1,2,0,0
50,0,3,0,1
38,1,3,0,1
28,0,2,0,1
32,0,2,0,0
42,0,2,0,1
31,0,2,0,0
31,0,3,0,1
89,1,2,0,0
35,0,1,0,1
84,0,2,0,0
102,1,2,1,1
83,0,3,0,1
66,0,4,2,1
30,0,3,0,1
67,0,4,0,0
49,0,2,0,1
98,1,3,1,1
131,1,2,1,1
42,0,3,0,0
41,1,2,0,0
65,0,2,0,0
299,1,5,1,1
21,1,2,0,0
71,0,4,1,1
69,1,4,0,1
160,0,3,2,1
58,0,3,0,0
31,1,2,0,0
77,0,2,0,1
51,0,3,0,0
58,1,5,0,1
24,0,2,0,0
73,1,2,0,0
43,1,3,0,0
37,1,3,0,0
143,0,3,1,1
46,1,2,0,0
41,0,3,0,0
105,0,2,1,1
36,1,2,0,0
52,0,2,0,1
23,1,1,0,1
132,1,2,1,1
28,1,2,0,0
64,1,3,2,1
208,1,6,0,1
22,0,2,0,1
106,0,7,2,1
34,0,2,0,1
82,1,2,0,0
82,0,3,0,0
66,0,5,0,1
75,1,2,0,0
15,0,1,0,1
69,0,2,1,1
92,0,3,0,1
36,0,3,0,0
54,1,2,0,1
68,0,4,0,1
46,0,2,0,0
51,0,2,0,1
86,0,3,2,1
32,0,2,0,1
115,1,2,0,0
23,0,2,0,0
119,1,2,0,0
18,0,1,0,0
44,0,3,0,1
43,0,1,0,1
54,1,3,0,1
49,1,2,0,1
56,0,2,0,0
32,1,1,0,1
33,1,2,0,0
28,0,2,0,0
43,1,2,0,0
32,0,2,0,1
55,0,3,0,1
132,1,3,1,1
82,1,2,1,1
38,1,2,0,0
66,0,3,0,0
42,1,4,0,1
31,0,2,0,0
32,0,1,0,0
138,0,2,1,1
86,0,4,0,1
24,1,2,0,0
57,0,3,1,0
56,1,2,0,0
24,0,2,0,0
25,1,2,0,0
36,1,2,0,0
53,0,3,0,0
39,1,2,0,0
44,0,3,0,0
293,1,4,1,1
22,1,2,0,0
32,0,2,0,0
51,1,2,0,0
80,0,2,0,1
27,0,1,0,0
42,0,3,0,0
94,0,3,0,1
43,1,2,0,0
43,0,2,0,0
43,0,2,0,0
40,1,3,0,1
108,1,2,0,1
61,0,3,0,0
74,0,3,0,0
76,0,4,0,1
91,0,1,0,0
25,1,3,0,0
52,0,3,0,1
99,1,2,0,1
58,0,5,0,1
302,1,5,1,1
36,0,2,0,1
89,1,3,0,0
70,0,2,0,1
31,0,1,0,0
22,1,1,0,1
49,0,2,0,0
118,1,4,1,1
60,1,3,0,1
73,0,1,0,1
31,0,2,0,0
46,0,3,0,0
44,0,3,0,0
33,0,2,0,1
85,0,2,0,1
55,0,3,0,0
38,1,2,0,1
68,1,2,0,0
48,1,3,0,0
62,0,2,0,0
34,1,2,0,0
26,0,2,0,0
43,0,4,0,1
71,0,2,0,0
39,0,2,0,0
57,0,3,0,0
32,0,2,0,0
24,0,3,0,0
28,1,2,0,0
57,0,2,0,0
21,1,2,0,1
39,0,3,1,0
51,0,3,0,0
74,0,4,0,0
60,1,2,1,1
41,0,4,0,1
78,0,3,0,0
68,1,2,0,0
26,1,2,0,0
49,1,2,0,0
29,1,2,0,1
43,1,2,1,0
66,1,2,1,0
68,0,4,0,1
54,0,4,0,1
32,0,3,0,0
23,1,2,0,0
76,1,3,0,0
73,1,2,0,0
93,1,2,0,1
54,0,2,0,0
63,0,2,0,0
44,1,2,0,0
35,0,2,0,0
25,0,2,0,0
68,0,5,0,1
43,0,2,0,0
60,0,4,0,1
49,1,2,0,0
76,0,3,0,0
73,0,3,0,1
23,1,2,0,0
26,0,2,0,0
40,0,2,0,0
49,1,2,0,0
84,0,3,0,1
47,0,2,0,0
86,0,3,1,1
58,0,5,0,1
41,1,2,1,1
61,0,2,0,0
96,0,2,0,0
37,0,2,0,1
57,1,1,1,1
96,0,2,0,1
31,1,2,0,0
72,0,5,0,0
41,0,3,0,1
61,0,3,0,0
51,0,2,0,0
43,1,2,0,0
121,0,4,0,1
34,1,2,0,1
70,0,1,0,1
61,0,2,0,0
25,1,2,0,0
88,0,2,0,1
28,0,2,0,0
67,0,3,0,0
126,1,4,1,1
51,1,3,0,0
36,0,2,0,0
19,0,1,0,0
51,0,3,0,0
65,0,2,0,1
22,1,1,0,0
66,0,1,0,1
53,0,2,0,1
82,0,2,0,1
29,1,2,0,0
80,0,2,0,1
94,0,2,0,1
43,0,3,0,1
69,0,4,0,1
28,1,1,0,1
154,0,5,1,1
28,1,2,0,0
85,1,1,0,0
59,0,2,0,1
38,0,2,0,0
99,0,4,0,0
19,0,2,0,0
43,0,3,0,0
52,1,1,0,0
42,0,2,0,0
29,1,2,0,0
29,0,1,0,1
36,0,2,0,0
120,1,4,1,1
24,1,2,0,0
55,1,2,0,1
96,1,4,1,0
33,0,2,0,1
39,0,3,0,1
102,0,2,0,1
27,1,2,0,0
32,0,2,0,0
70,0,3,0,0
65,0,2,0,1
31,0,2,0,0
57,0,5,0,1
84,0,3,0,0
39,1,2,0,0
35,0,2,0,0
28,0,2,0,1
93,1,2,0,0
64,0,3,0,1
29,1,2,0,1
42,0,4,0,1
117,0,4,1,1
547,1,5,1,0
22,1,1,0,1
63,0,3,0,0
106,0,2,0,0
54,0,3,0,0
45,0,1,1,1
61,0,1,0,1
124,1,5,1,1
38,0,2,0,0
334,1,3,1,1
25,1,1,0,1
22,0,2,0,1
202,0,2,0,1
29,0,2,0,0
27,1,1,0,1
31,0,3,0,1
27,1,2,0,0
22,0,2,0,0
28,0,2,0,1
66,1,3,0,0
102,0,1,0,1
56,0,2,0,1
22,1,2,0,1
142,1,5,1,1
16,1,1,0,1
52,0,3,0,0
33,0,1,0,0
40,1,3,0,1
28,1,2,0,0
33,0,2,0,0
33,1,2,0,1
35,1,2,0,0
22,0,2,0,0
30,1,1,0,0
181,0,3,2,1
96,0,2,0,1
48,0,5,1,1
36,0,4,0,0
37,1,3,0,0
47,0,3,0,1
59,0,4,0,1
80,0,3,0,1
52,0,3,0,1
34,0,2,1,0
49,0,3,0,0
103,0,2,0,0
25,1,1,1,0
34,1,3,0,1
70,1,4,0,1
89,0,2,0,0
37,0,2,0,1
35,1,2,0,1
36,0,2,0,1
51,0,3,1,0
46,0,2,0,0
33,0,1,0,1
29,0,2,0,0
25,1,2,0,0
267,0,14,1,1
33,1,2,0,0
22,0,2,0,0
39,0,4,0,1
132,1,5,1,1
80,1,1,0,0
51,0,3,0,0
55,0,2,0,1
32,1,3,0,0
71,0,4,0,0
101,0,2,0,1
26,1,2,0,0
99,1,2,0,1
35,1,2,0,1
99,1,2,0,0
27,0,2,0,1
47,1,3,0,0
84,1,2,0,0
36,1,2,0,0
30,1,2,0,0
39,0,6,0,1
128,1,4,1,1
102,0,4,1,1
18,0,1,0,1
24,1,2,0,0
121,1,5,1,1
16,0,1,0,0
35,1,2,0,0
25,0,2,0,0
29,0,2,0,0
52,0,2,0,1
75,0,3,0,1
69,0,2,0,1
25,0,1,0,1
42,0,3,0,0
46,0,2,0,1
34,0,1,0,1
84,0,3,0,0
69,0,2,0,0
28,1,2,0,0
126,1,4,1,1
50,0,3,0,0
77,1,2,0,0
36,1,1,0,0
57,0,2,0,0
69,0,3,0,1
17,1,1,0,0
15,1,1,0,0
109,0,4,1,1
29,0,2,0,0
50,0,2,0,0
81,0,2,0,1
18,1,2,0,0
102,0,2,0,1
54,1,2,0,1
19,1,1,0,0
93,1,2,0,0
59,0,2,0,0
32,1,2,0,0
197,0,2,1,1
30,0,2,0,0
155,0,3,1,1
31,0,2,0,0
60,1,2,0,0
128,0,1,0,1
55,1,2,0,0
34,0,2,0,0
96,0,4,0,1
53,0,3,0,0
50,0,1,0,0
70,1,2,0,1
54,0,3,0,1
89,1,2,0,0
26,1,2,0,0
29,0,2,0,0
15,1,1,0,0
37,0,2,0,1
62,0,4,0,1
25,1,2,0,0
41,0,3,0,0
25,1,1,0,1
73,1,2,0,0
44,0,2,0,0
33,0,4,0,1
87,0,2,2,1
61,0,2,0,1
29,1,2,0,0
58,1,2,0,0
40,1,2,0,1
169,0,3,2,1
28,1,2,0,0
63,0,7,0,1
49,0,3,0,0
35,0,1,0,0
72,1,5,1,1
36,0,2,0,0
57,1,5,0,1
61,0,3,0,0
26,0,1,0,1
54,0,1,0,1
81,0,2,0,1
47,0,1,0,1
58,0,1,0,0
45,1,2,0,0
24,1,2,0,0
30,0,2,0,1
48,0,4,0,1
85,0,1,0,0
32,0,2,0,1
33,1,2,0,0
35,0,2,0,1
72,1,2,0,0
35,1,2,0,0
181,0,5,1,1
39,0,3,0,1
38,0,2,0,1
33,1,2,0,0
54,1,2,0,0
69,0,3,0,1
49,0,2,0,0
38,0,2,0,1
37,0,3,0,1
33,1,2,1,0
48,0,3,0,0
124,1,5,1,1
90,0,1,0,0
133,1,2,0,0
149,0,2,0,0
45,0,2,0,1
27,0,2,0,0
91,0,2,0,0
57,0,1,0,1
51,1,2,0,0
40,0,2,0,1
51,0,4,0,1
22,1,2,0,0
46,0,3,1,1
436,0,3,1,1
40,0,2,0,1
34,0,2,0,0
43,0,3,0,1
23,1,2,0,0
26,1,2,0,0
52,0,2,0,1
67,1,2,0,1
26,1,2,0,0
32,0,2,0,0
50,0,2,0,1
46,0,2,0,1
30,1,2,0,0
43,0,4,0,1
48,0,3,0,1
26,0,2,0,0
477,0,24,2,1
128,1,4,1,1
29,0,1,0,1
44,1,2,0,0
102,1,4,1,1
41,1,2,0,0
29,0,2,0,0
50,1,3,0,1
70,0,2,0,1
47,1,2,0,0
28,0,3,0,0
36,0,4,0,1
40,0,3,0,1
83,1,4,0,0
34,0,2,0,0
43,1,1,0,1
48,1,3,0,0
43,1,5,0,1
32,0,2,0,1
84,0,6,0,0
23,1,1,0,1
76,0,4,0,1
25,0,2,0,0
68,0,3,0,0
17,0,1,0,0
81,0,2,0,1
62,0,2,0,1
41,0,2,0,1
70,0,3,0,1
31,0,2,0,0
31,1,2,0,0
71,0,3,0,0
26,1,2,0,0
27,1,2,0,0
206,0,4,1,1
168,1,2,0,1
21,0,1,0,1
32,1,2,0,1
132,1,3,1,1
127,1,4,1,1
81,0,2,0,0
83,1,2,0,0
219,1,1,1,1
132,1,2,0,1
106,0,4,2,1
124,1,5,1,1
45,0,3,0,1
28,0,2,0,1
24,0,2,0,0
126,0,3,0,0
56,0,3,0,0
51,1,2,0,0
24,1,2,0,0
72,1,3,0,1
57,1,3,0,1
65,0,2,0,0
55,0,2,0,1
24,0,2,0,0
27,0,2,0,0
37,1,2,0,0
41,1,2,0,1
58,1,2,0,1
201,0,3,1,1
22,0,2,0,0
202,0,2,1,1
51,0,2,0,0
49,0,3,0,0
24,0,2,0,1
60,0,4,0,0
20,0,2,0,1
44,0,4,0,0
106,0,3,2,1
27,1,2,0,0
47,1,2,0,1
53,0,2,0,1
40,0,2,0,0
63,0,3,0,1
62,0,4,0,1
32,1,2,0,0
71,0,2,0,0
52,1,3,0,1
54,1,3,0,0
40,1,3,0,0
25,0,2,0,0
51,1,3,0,1
48,0,4,0,1
27,0,3,0,0
65,0,3,0,0
35,0,3,0,0
45,1,2,0,0
51,0,2,0,1
69,0,4,0,0
49,1,3,0,1
26,0,1,0,1
38,1,1,0,1
41,0,4,0,1
41,0,1,0,1
32,0,2,0,1
37,0,2,0,1
47,1,2,0,0
34,1,2,0,1
56,0,4,0,1
76,1,3,0,1
32,0,2,0,0
113,1,2,1,1
82,0,1,0,0
106,0,5,1,1
46,0,3,0,1
61,0,3,0,1
73,0,2,0,0
106,0,3,0,1
22,1,2,0,0
127,1,4,1,1
58,1,2,0,0
81,0,3,0,0
42,0,2,0,0
64,0,1,0,0
56,1,5,0,1
49,1,2,0,0
75,0,3,0,1
79,0,2,0,0
73,0,3,0,1
22,0,1,0,1
106,0,2,0,0
34,1,3,0,0
41,1,2,0,0
123,0,5,2,1
25,1,2,0,0
63,0,2,0,1
40,1,2,0,1
50,0,3,0,0
51,0,3,1,1
15,0,1,0,0
55,0,2,0,1
51,1,3,0,0
68,0,3,0,1
48,1,2,0,0
206,0,3,1,1
41,0,1,0,0
21,0,2,0,1
17,0,1,0,0
30,1,2,0,1
32,0,1,0,1
166,0,2,0,1
41,0,2,0,1
23,0,2,0,0
49,0,4,1,1
25,0,2,0,1
30,0,1,0,1
26,0,2,0,0
55,0,2,0,0
68,0,4,0,1
59,1,2,0,0
52,0,2,0,0
96,0,2,0,1
128,0,3,1,1
128,1,4,1,1
26,0,2,0,0
34,1,2,0,0
133,0,10,2,1
77,1,4,1,0
58,0,1,0,1
108,1,3,1,1
29,1,2,0,0
84,0,3,0,0
35,0,3,0,1
25,1,2,0,0
53,1,3,0,1
88,0,5,0,1
48,0,3,1,1
40,1,1,0,1
160,0,4,0,1
126,0,3,1,1
26,0,2,0,0
156,0,6,1,1
55,0,3,0,1
62,1,2,0,0
21,0,1,0,1
32,0,2,0,1
35,0,2,0,0
21,0,1,0,0
30,1,2,0,0
84,1,2,0,0
54,0,2,0,0
37,0,3,0,1
64,0,2,0,0
65,0,2,0,0
71,0,4,0,1
42,0,6,0,1
34,0,1,0,1
53,0,3,0,0
24,0,1,0,1
43,1,2,1,0
46,1,1,1,1
45,0,4,0,1
28,1,2,0,0
42,1,2,0,0
21,0,2,0,0
21,0,2,0,0
76,0,4,0,1
53,0,3,0,0
53,1,3,0,0
51,1,1,0,0
63,0,2,0,1
35,0,3,0,0
56,1,3,0,0
89,0,3,1,1
123,1,2,0,0
19,0,2,0,0
25,1,2,0,0
289,1,3,1,1
35,0,2,0,0
31,0,2,0,0
25,1,2,0,0
27,1,2,0,0
35,0,2,0,0
33,0,3,0,1
30,0,2,0,1
73,0,2,0,1
58,0,2,0,0
50,1,3,0,0
68,0,3,0,0
58,1,4,0,1
25,1,2,0,0
47,1,1,0,0
18,0,2,0,1
34,0,2,0,0
126,1,4,1,1
23,1,2,0,0
63,0,3,0,1
30,0,2,0,0
129,0,2,0,1
34,1,2,0,0
27,1,2,0,1
63,0,1,0,1
33,0,2,1,0
24,1,2,0,0
31,0,2,0,1
20,0,2,0,0
79,0,2,0,0
32,0,2,0,1
54,0,2,0,0
31,1,3,0,0
49,1,4,0,1
24,0,2,0,0
61,1,3,0,0
57,1,4,0,1
91,0,2,0,1
76,0,4,0,1
72,0,3,1,0
17,0,1,0,0
108,1,3,1,1
32,0,2,0,1
29,0,2,0,0
33,0,2,0,1
66,1,2,1,1
41,1,2,0,0
29,1,2,0,0
115,1,2,1,1
22,1,1,0,1
32,1,2,0,1
31,1,2,0,0
43,1,2,1,0
54,0,2,0,1
70,0,1,1,1
63,0,3,0,1
54,0,2,0,1
36,0,2,0,1
30,1,2,0,0
35,1,1,0,0
16,0,2,0,0
106,0,2,0,1
81,0,2,0,0
116,1,2,0,0
61,0,5,0,1
49,0,2,0,1
59,0,5,0,1
58,1,2,0,1
53,0,2,2,1
51,0,2,0,1
51,0,3,0,0
44,1,3,0,1
204,1,2,1,1
41,0,2,0,1
54,1,3,0,0
42,0,3,0,0
34,1,2,1,1
54,0,2,0,1
51,0,3,0,1
106,0,8,0,1
42,1,2,0,1
34,1,1,0,0
68,0,2,0,1
45,0,3,0,0
33,1,2,0,0
38,0,2,0,0
23,1,2,0,0
80,0,2,0,0
85,1,2,0,0
48,1,2,0,0
55,0,2,0,0
44,0,2,0,1
59,0,3,0,0
84,1,2,1,1
21,0,1,0,1
22,0,2,0,0
98,0,3,0,0
45,0,2,0,0
37,0,2,0,1
39,0,1,0,1
110,1,3,1,1
36,0,1,0,0
61,0,2,0,1
72,0,2,0,0
47,1,3,0,1
73,0,3,0,1
58,0,3,0,0
28,1,2,0,1
82,0,3,0,0
65,1,1,0,1
28,1,2,0,0
25,1,2,0,0
22,0,1,0,1
43,0,3,0,0
74,1,2,0,0
31,1,2,0,0
63,0,2,1,1
72,0,1,0,1
38,1,2,0,0
53,0,2,0,1
93,0,3,2,1
26,1,2,0,0
62,0,3,0,1
50,0,3,0,1
63,1,2,0,0
71,0,3,0,1
40,1,2,0,1
52,0,3,0,1
81,0,1,0,1
73,1,4,1,0
127,1,4,1,1
53,0,2,0,0
42,1,2,0,1
58,0,2,0,0
213,0,4,1,1
38,0,3,0,1
44,0,2,0,0
34,0,2,0,0
21,0,2,0,0
20,1,1,0,1
76,0,2,0,1
50,0,2,0,1
21,0,1,0,1
35,0,2,0,1
102,0,2,0,1
132,1,3,1,1
64,0,3,0,1
65,1,3,1,1
31,0,2,0,0
126,0,4,1,1
210,0,4,1,1
72,1,2,0,1
38,0,2,0,1
97,1,3,0,0
135,0,7,1,1
51,1,4,0,1
54,1,2,0,1
21,0,2,0,0
40,0,2,0,1
30,0,2,0,1
73,1,2,1,1
19,1,1,0,1
67,0,2,0,0
59,0,2,0,1
89,1,3,1,1
25,0,2,0,0
24,0,1,0,1
54,0,2,0,0
31,0,2,0,0
51,0,2,0,0
44,1,2,0,0
18,0,1,0,1
36,1,3,0,1
54,0,3,0,1
125,1,4,1,1
52,0,2,0,1
28,0,1,0,0
45,0,2,0,0
31,0,2,0,0
35,0,2,0,0
45,0,3,0,1
99,1,2,0,0
41,0,2,0,0
89,1,1,0,0
28,1,2,0,0
20,0,2,0,1
50,1,2,0,0
48,0,3,0,0
28,0,2,0,1
37,1,3,0,0
37,0,2,0,0
34,1,2,0,0
111,0,2,0,1
28,0,2,0,0
132,1,3,1,1
45,1,2,0,0
165,0,4,1,1
100,0,3,0,0
73,1,2,0,0
117,0,2,0,1
56,1,1,0,1
66,0,2,0,1
80,0,2,2,1
30,1,2,1,0
73,0,5,1,1
27,0,2,0,1
66,0,2,0,0
111,0,2,0,0
29,1,2,0,0
77,1,2,1,1
27,1,2,0,0
37,1,2,0,0
26,0,1,0,1
49,0,3,0,0
36,1,2,0,1
80,1,4,1,0
35,1,2,0,0
105,1,5,0,1
33,1,2,0,0
18,0,2,0,0
16,0,2,0,0
56,0,2,1,1
60,0,4,0,1
24,1,2,0,0
210,1,2,1,1
24,0,2,0,0
72,0,1,0,0
33,0,3,0,1
25,0,2,0,0
67,1,3,0,1
42,0,2,0,0
24,1,1,0,0
43,0,4,0,1
45,0,4,0,1
34,0,2,0,1
118,0,4,1,1
42,1,2,0,1
52,1,2,0,1
69,0,2,0,0
71,0,2,0,0
44,0,2,0,1
54,0,2,0,0
33,1,2,0,0
117,0,4,1,1
65,1,1,0,0
22,0,2,0,0
136,1,1,1,1
109,1,3,0,0
55,0,4,0,1
54,0,2,0,0
50,0,3,0,1
27,0,1,0,1
76,1,1,0,0
26,0,2,0,0
22,1,2,0,0
24,1,2,0,0
25,1,2,0,0
203,1,2,1,1
128,1,4,1,1
56,0,2,0,1
58,0,2,0,0
30,1,2,0,1
44,1,3,0,1
21,1,2,0,0
79,1,4,0,1
35,1,2,0,0
31,0,2,0,0
37,1,2,0,0
42,1,2,0,0
89,1,5,1,1
28,0,2,0,1
47,1,3,0,1
28,0,2,0,0
47,1,2,0,1
98,0,1,0,1
31,0,2,0,0
92,0,5,2,1
58,0,5,0,0
80,1,2,0,0
45,0,2,0,0
54,0,3,0,1
19,1,1,0,0
58,0,3,0,0
46,0,3,0,0
53,0,3,0,0
46,0,3,0,1
83,1,2,0,0
52,0,2,0,0
93,0,4,1,1
178,1,4,2,1
84,1,3,1,1
54,0,2,0,0
127,1,3,0,1
19,0,2,0,1
98,0,2,0,1
49,1,2,0,0
305,1,4,1,1
162,0,6,1,1
32,1,2,0,0
51,0,2,0,1
73,0,4,0,1
39,0,3,0,1
49,0,3,0,0
52,1,2,0,0
32,0,1,0,1
97,0,2,1,1
68,0,5,1,1
67,0,3,0,1
26,1,2,0,0
39,0,2,0,0
25,1,1,0,0
439,0,3,1,1
27,1,2,0,0
79,1,3,0,1
213,1,4,2,1
26,0,2,0,0
66,0,2,0,0
70,0,2,0,0
97,0,4,0,1
51,1,3,0,1
67,0,1,0,1
54,1,2,0,0
426,0,24,3,1
36,0,2,0,1
35,0,2,0,0
29,0,1,0,1
36,0,2,0,1
60,1,2,0,0
69,1,3,0,0
63,0,1,0,1
37,0,2,0,0
79,0,4,1,1
63,0,5,0,1
26,1,2,0,0
38,0,2,0,0
38,0,3,0,0
33,1,2,0,0
37,1,3,0,1
64,1,5,0,1
26,1,1,0,1
26,0,2,0,1
45,1,2,0,0
32,0,2,0,0
46,0,2,0,0
24,1,2,0,0
33,0,2,0,1
44,0,1,0,1
146,1,2,0,1
54,0,2,0,0
32,0,2,0,1
29,1,2,0,0
49,1,2,1,1
71,1,2,0,0
72,0,2,0,0
44,0,4,0,1
26,1,2,0,0
26,1,2,0,0
71,0,1,0,1
39,0,3,0,0
69,0,2,0,0
76,0,3,0,0
16,1,1,0,1
70,1,2,0,1
29,1,3,0,0
82,1,2,0,0
204,1,2,0,1
132,1,3,1,1
93,1,3,0,0
53,0,2,0,1
87,0,3,0,1
22,0,2,0,0
68,0,2,0,1
48,0,4,0,1
37,0,2,0,1
57,0,5,0,1
45,1,2,0,1
76,0,4,0,1
27,1,2,0,0
41,0,3,0,0
33,0,3,0,0
27,0,2,0,1
56,0,2,0,1
144,1,5,3,1
73,0,3,0,1
124,0,3,0,0
111,1,3,0,0
43,0,3,0,1
37,1,2,0,0
41,0,3,0,0
52,0,1,0,0
43,1,2,0,1
35,1,2,0,1
42,0,2,0,1
90,0,2,0,0
20,1,1,0,0
83,1,2,0,0
117,0,7,2,1
22,0,2,0,0
28,0,1,0,1
86,1,2,0,1
31,1,2,0,0
294,1,3,1,1
109,0,2,0,0
60,0,3,0,0
63,1,2,0,0
77,1,2,0,0
32,0,2,0,0
35,1,3,0,0
62,0,3,1,1
98,1,3,1,1
62,0,2,0,0
243,1,2,1,1
34,1,2,0,1
108,0,2,0,0
35,0,2,0,1
21,0,2,0,0
77,0,1,0,1
101,0,3,1,1
74,0,2,0,0
70,1,2,0,1
51,0,3,0,1
43,0,2,0,1
73,1,2,0,0
40,0,3,0,1
22,0,1,0,1
63,0,7,0,1
42,0,2,1,1
36,1,2,0,1
74,0,2,1,1
27,1,1,0,0
60,0,1,0,1
28,0,2,0,0
37,0,1,0,1
35,1,2,0,0
51,0,3,0,1
142,1,3,1,1
43,1,2,0,1
61,1,5,0,1
70,1,3,0,0
51,0,2,0,1
37,0,2,0,1
28,1,2,0,0
30,1,2,0,0
263,1,6,1,1
61,1,3,0,0
34,1,2,0,0
98,1,2,0,0
66,0,3,0,0
57,1,4,0,1
121,0,2,1,1
48,1,2,1,1
128,1,4,1,1
61,0,4,1,0
62,0,4,0,1
34,0,2,0,0
29,1,2,0,0
41,0,2,0,0
33,0,2,0,0
64,1,5,0,1
30,1,2,0,0
17,0,1,0,0
29,0,2,0,0
119,0,4,1,1
36,0,2,0,1
32,1,2,0,0
63,0,3,1,0
66,0,1,0,0
30,1,2,0,0
89,0,2,0,0
85,0,2,0,0
54,0,1,0,1
56,1,2,0,1
31,1,2,0,0
25,0,2,0,0
41,1,3,0,1
21,0,2,0,0
111,0,2,0,1
66,0,3,0,0
39,1,1,0,0
49,0,3,0,0
35,0,2,0,1
30,1,2,0,0
37,1,2,1,1
42,0,1,1,1
35,0,2,0,0
89,0,4,1,1
24,0,2,0,0
31,0,2,0,0
32,0,2,0,0
42,0,3,0,0
70,1,3,2,1
47,1,2,0,1
22,0,2,0,0
59,1,2,0,0
34,0,3,0,1
77,0,1,0,0
29,0,3,0,1
56,0,2,0,0
155,0,4,1,1
38,0,2,0,0
72,1,5,1,1
42,1,1,0,0
61,0,3,0,0
22,0,2,0,0
25,0,2,0,0
44,0,4,0,1
102,0,1,0,1
79,1,4,1,1
70,0,1,0,0
30,0,2,0,1
50,1,3,0,0
120,1,7,1,1
32,0,2,0,0
72,1,2,0,0
43,1,2,1,0
26,1,3,0,0
52,1,4,0,1
40,0,2,0,0
76,0,6,1,1
32,1,2,0,0
76,0,4,0,1
20,0,2,0,0
77,1,2,1,1
48,1,2,0,1
34,1,3,0,1
128,1,4,1,1
39,0,2,0,0
47,1,2,0,0
126,0,4,1,1
31,0,2,0,1
61,1,2,1,0
43,0,4,0,1
159,1,6,2,1
48,1,2,0,0
54,1,2,0,0
24,0,2,0,0
77,0,1,0,1
35,0,2,0,0
33,0,2,0,0
50,1,3,0,0
76,1,5,0,1
21,0,2,0,0
27,0,2,0,0
84,0,8,0,1
44,0,2,0,1
22,0,3,0,0
68,1,2,0,0
262,0,13,1,1
53,1,4,1,0
49,0,3,0,0
50,0,1,0,1
53,0,2,0,0
265,0,3,1,1
37,0,2,0,0
24,1,3,0,0
61,1,2,0,1
163,0,3,1,1
127,0,4,1,1
105,1,4,0,0
29,0,2,0,1
18,0,1,0,1
33,0,2,0,0
31,1,2,0,1
36,0,1,0,1
77,0,3,0,1
21,0,2,0,0
104,0,4,2,1
38,0,2,0,1
50,1,2,0,0
52,1,2,1,1
28,0,2,0,0
160,0,3,2,1
68,0,3,1,1
24,1,3,0,0
41,1,3,0,1
26,0,2,0,0
63,0,2,0,0
54,0,3,0,0
24,0,2,0,0
32,0,2,0,1
152,1,5,1,1
44,0,3,0,1
43,0,3,0,0
39,0,2,0,1
38,0,2,0,0
50,0,2,0,0
26,0,2,0,0
23,0,2,0,0
32,1,2,0,0
31,1,2,0,0
21,1,1,0,1
42,1,2,0,0
62,0,2,0,1
59,0,2,0,1
128,1,4,1,1
23,1,1,0,1
23,1,2,0,0
44,0,5,0,1
42,1,2,0,0
57,1,3,0,0
46,1,2,0,1
31,0,2,0,1
40,0,1,0,0
58,0,3,0,0
556,1,5,1,0
71,0,3,0,0
50,0,2,0,0
25,1,1,0,1
61,0,2,0,0
74,0,3,0,0
122,1,2,1,1
106,1,2,1,1
38,1,2,0,0
107,0,3,0,1
65,0,2,0,1
32,0,2,0,0
43,0,3,0,0
156,0,3,1,1
90,1,4,0,0
89,0,8,0,1
43,1,2,0,0
47,0,2,0,0
46,0,4,0,1
25,1,2,0,0
29,1,2,0,1
58,0,3,0,0
56,0,2,0,1
48,1,2,0,0
30,1,2,0,0
25,1,1,0,1
84,0,5,2,1
26,0,2,0,1
73,0,5,1,1
68,0,4,0,1
24,0,2,0,0
458,1,5,1,1
26,0,1,0,1
35,1,2,0,0
72,1,4,0,1
31,0,2,0,1
78,1,4,0,1
70,0,5,0,1
53,0,2,0,0
64,1,2,0,1
28,1,2,0,0
30,1,2,0,1
39,0,2,0,1
33,0,1,0,1
42,1,1,0,0
115,0,3,0,0
68,0,2,0,0
57,0,3,0,0
75,0,4,0,1
54,1,2,0,0
28,0,3,0,1
220,0,7,0,1
25,1,1,0,1
21,0,2,0,0
54,0,3,0,0
56,0,4,0,1
48,0,2,0,0
46,0,4,0,1
27,1,2,0,0
63,0,2,0,0
40,0,2,0,0
68,0,1,0,1
38,0,3,0,1
29,0,2,0,0
45,0,2,0,0
23,1,2,0,0
47,0,2,0,0
50,0,3,0,0
54,0,4,0,1
33,0,2,0,0
47,1,2,0,0
40,0,2,0,1
32,0,2,0,0
51,1,2,0,1
68,0,2,0,0
67,0,5,0,1
43,0,2,0,1
59,0,2,0,0
58,0,3,0,0
26,0,2,0,0
32,0,2,0,1
36,0,2,0,1
64,0,3,0,1
96,0,2,0,0
25,1,2,0,0
38,0,2,0,0
25,1,1,0,1
132,1,3,1,1
66,1,3,1,1
134,0,4,1,1
43,1,2,0,0
49,1,1,0,0
77,0,2,0,0
105,0,4,1,1
26,1,3,0,0
65,0,3,0,1
53,1,3,0,1
115,0,4,1,1
40,0,1,0,0
63,0,2,0,1
60,1,3,0,1
38,0,4,0,1
464,0,9,1,1
27,0,2,0,1
67,1,3,0,1
32,1,2,0,0
49,0,2,0,0
25,1,3,0,0
55,0,1,0,0
41,1,2,0,0
59,0,4,0,1
74,1,3,0,0
91,1,3,1,1
36,0,2,0,0
55,0,2,0,1
83,0,3,0,0
33,1,2,1,0
51,0,2,0,1
56,1,4,0,1
38,1,1,0,1
75,1,4,1,0
43,0,2,0,0
54,0,2,0,0
35,0,2,0,1
43,1,1,0,1
20,0,2,0,0
47,0,2,0,1
70,0,2,0,0
235,1,4,1,1
35,0,2,0,0
111,1,2,1,1
47,1,4,0,1
18,0,2,0,0
77,1,3,0,1
18,0,1,0,0
51,1,3,0,0
39,0,3,0,1
37,0,2,0,0
63,1,2,0,0
131,0,5,1,1
89,0,3,0,1
34,0,2,0,0
34,0,2,0,0
26,0,2,0,1
48,0,6,0,1
69,0,4,0,1
45,1,2,0,1
43,1,2,0,1
53,0,2,1,1
60,0,3,0,1
25,1,2,0,0
51,1,2,0,0
24,0,2,0,0
16,1,1,0,0
70,1,2,0,0
55,1,3,0,1
31,0,2,0,1
25,1,2,0,0
35,0,2,0,1
35,0,2,0,0
57,0,3,0,0
73,1,2,0,1
21,0,1,0,1
57,0,3,0,0
32,0,2,0,1
52,1,3,2,1
33,1,1,0,1
58,0,3,0,1
47,1,1,0,1
70,1,2,0,1
97,0,2,0,1
57,0,2,0,0
54,0,2,0,1
113,0,5,2,1
31,0,3,0,0
110,0,3,0,1
39,0,2,0,0
49,1,2,1,1
45,0,2,0,1
53,1,2,0,0
70,1,2,0,1
85,1,3,0,0
27,1,2,0,1
68,0,3,1,1
50,0,2,0,0
43,1,2,1,0
35,1,3,0,0
44,0,5,0,1
57,1,2,0,0
73,0,3,2,1
47,0,3,0,1
132,1,5,1,1
76,1,2,0,0
40,1,2,0,1
20,0,2,0,0
61,0,4,0,1
77,0,2,0,1
132,1,5,1,1
21,1,2,0,0
54,1,3,1,1
38,0,2,0,0
47,0,2,1,1
36,0,3,0,1
52,0,2,0,1
57,1,2,1,1
55,0,5,0,1
27,0,2,0,0
67,0,3,0,0
62,1,7,0,1
75,0,3,0,0
137,0,3,1,1
19,1,1,0,1
54,0,3,0,0
42,0,3,0,0
63,0,2,0,1
125,0,4,1,1
33,0,2,0,0
54,1,2,1,1
40,0,2,0,0
180,1,3,3,1
25,0,2,0,1
30,0,2,0,1
64,1,3,0,0
59,1,2,0,0
102,0,3,0,1
33,0,1,0,1
52,1,2,0,0
25,0,2,0,1
32,1,2,0,0
48,1,2,0,0
132,1,3,1,1
64,0,2,0,0
55,0,3,0,1
36,1,2,0,0
57,1,2,0,0
123,0,2,1,0
46,0,3,0,1
21,0,2,0,0
189,1,7,2,0
67,0,1,0,0
128,1,1,0,0
39,1,2,0,1
24,1,2,0,0
21,1,2,0,0
117,0,4,1,1
102,0,6,2,1
37,1,2,0,1
34,0,2,0,0
81,0,2,0,0
48,0,3,0,1
68,1,2,0,1
45,0,3,0,1
165,1,7,1,1
38,0,3,0,1
37,0,2,0,1
93,0,3,0,1
70,0,1,0,1
85,0,2,0,1
246,1,2,0,0
77,0,2,1,1
61,0,2,0,0
46,0,1,0,1
60,0,2,0,1
32,0,2,0,1
64,1,5,0,1
41,0,4,0,1
56,1,2,0,0
100,0,3,0,0
34,0,2,0,1
51,0,2,0,1
25,1,2,0,1
69,1,3,0,0
82,0,2,0,0
104,1,2,0,0
395,1,2,0,1
53,1,3,0,0
37,0,2,0,1
125,0,1,0,0
88,0,1,0,1
47,0,2,0,0
37,0,2,0,0
124,1,5,1,1
72,1,3,0,1
56,1,2,0,0
36,0,2,0,1
43,0,2,0,0
44,0,3,0,1
98,0,1,0,1
41,0,2,0,1
28,0,1,0,1
118,0,4,1,1
36,0,1,0,0
42,0,2,0,0
53,0,2,0,1
16,0,1,0,1
35,1,2,0,1
42,0,2,0,0
28,0,2,0,1
46,1,1,0,0
36,1,3,0,0
51,0,3,1,0
38,1,2,0,0
74,0,2,1,0
22,0,2,0,0
40,1,2,0,0
42,0,3,0,1
45,0,2,2,1
125,1,2,1,1
92,0,4,0,1
71,0,2,0,0
47,0,4,0,1
22,0,2,0,0
253,1,3,1,1
46,1,2,0,0
56,0,2,0,0
33,0,2,0,1
48,0,1,0,1
70,0,3,0,1
56,0,4,0,1
19,1,2,0,0
64,0,2,0,1
24,1,2,0,0
68,0,1,0,0
131,0,3,1,1
60,0,1,0,0
61,1,4,0,1
64,1,2,0,0
97,1,3,0,0
23,1,2,0,0
40,0,2,0,0
89,0,4,0,1
70,1,3,0,0
60,0,2,0,0
29,0,2,0,0
119,0,1,0,1
41,0,3,0,1
59,0,2,0,1
65,1,3,1,0
34,1,1,0,1
45,0,4,0,1
25,1,2,0,0
40,0,3,0,1
44,0,3,0,1
28,1,2,0,0
28,1,2,0,0
36,1,1,0,0
34,0,3,0,1
29,1,2,0,0
137,0,3,0,0
18,0,2,0,1
28,1,2,0,0
27,1,1,0,0
97,0,2,0,0
100,0,2,0,0
81,0,2,0,1
72,1,2,0,1
380,0,4,2,1
57,0,2,0,1
27,0,2,0,0
123,0,1,0,1
24,0,1,0,1
35,1,2,0,1
18,1,1,0,1
47,0,3,0,1
36,0,2,0,0
57,1,1,1,1
77,0,2,0,1
25,1,2,0,0
31,1,3,0,1
36,1,2,0,1
68,0,4,0,1
79,0,3,0,0
58,0,2,0,0
101,0,1,0,1
44,1,2,0,1
99,1,2,0,0
26,0,2,0,0
34,0,1,0,0
34,0,1,0,1
31,0,2,0,0
62,0,2,0,0
26,0,2,0,0
34,0,2,0,1
55,1,2,0,0
88,0,3,0,1
33,0,1,0,1
38,1,2,0,1
33,1,2,0,0
61,0,3,0,1
29,1,2,0,1
32,0,2,0,0
43,0,1,0,1
36,0,2,0,1
29,0,2,0,0
89,0,3,0,1
32,0,2,0,1
74,1,2,0,0
27,1,2,0,0
55,1,2,0,1
81,0,4,0,0
83,0,2,0,0
71,1,3,2,1
27,0,2,0,0
74,1,3,0,0
46,0,2,0,1
40,0,3,0,1
78,0,3,0,0
99,0,1,0,1
65,1,2,1,1
39,1,3,0,1
67,0,2,0,1
58,0,5,0,1
54,1,2,0,0
56,0,2,0,0
32,0,3,0,1
52,0,3,0,1
61,0,3,0,0
30,0,2,0,0
59,0,3,0,1
60,0,1,0,1
127,0,4,1,1
40,1,2,0,0
31,1,2,0,0
80,1,3,0,0
44,0,2,0,1
43,0,2,0,1
66,1,2,0,0
95,0,2,0,1
64,0,2,1,0
21,0,1,0,1
39,0,2,0,1
20,0,2,0,0
108,1,2,0,0
48,1,5,0,1
33,0,3,0,1
18,0,2,0,1
33,0,1,0,0
36,1,2,0,0
68,0,3,0,1
23,1,2,0,0
49,1,2,0,0
50,0,3,0,0
70,1,5,0,1
108,1,4,1,0
45,1,2,0,0
53,1,2,1,1
41,1,2,0,0
238,1,2,1,1
22,1,2,0,0
186,0,2,1,1
46,1,5,0,1
48,1,3,0,0
54,0,2,0,0
137,0,5,1,1
34,0,2,0,0
24,1,2,0,0
32,0,2,0,1
61,1,2,0,0
164,0,3,1,1
23,0,2,0,0
77,0,1,0,1
57,1,2,0,1
91,1,2,0,0
42,0,3,0,0
59,0,3,0,1
64,0,5,1,1
126,0,4,1,1
44,0,3,1,0
51,1,2,1,1
33,0,2,0,0
34,0,2,0,1
36,1,2,0,0
292,0,2,1,1
15,0,1,0,0
31,0,2,0,0
188,0,4,1,1
64,1,2,0,1
55,0,4,0,0
58,1,2,0,1
109,0,2,0,0
72,0,2,0,0
43,1,4,0,1
229,0,14,2,1
79,1,2,0,0
55,0,3,0,0
24,1,3,0,0
18,0,2,0,1
53,0,3,0,1
48,0,2,0,0
85,0,4,0,0
98,1,2,0,0
96,0,2,0,1
64,0,2,0,1
34,1,2,0,1
33,1,1,0,1
60,0,3,0,0
58,1,2,1,0
32,1,2,0,0
36,1,2,0,1
22,1,1,0,0
167,0,2,0,1
44,0,3,0,0
59,0,2,0,0
34,0,2,0,0
50,0,3,0,0
34,1,2,0,0
64,1,4,0,0
30,0,1,0,0
54,1,2,0,1
34,1,2,0,0
67,0,3,0,0
41,1,2,0,0
24,0,2,0,1
194,0,4,2,1
28,1,2,0,0
122,0,16,0,1
126,1,4,1,1
45,0,5,0,1
30,1,2,0,0
81,1,2,0,1
56,0,2,0,1
28,1,2,0,1
61,0,1,0,0
59,0,3,0,0
71,0,3,0,0
48,1,3,0,0
65,0,3,0,0
30,0,2,0,0
67,1,3,0,1
324,1,3,1,1
29,0,1,0,1
131,0,5,1,1
70,1,3,1,1
110,0,2,0,0
39,1,2,0,1
77,0,1,0,1
121,1,2,0,1
24,0,2,0,0
82,1,1,0,0
64,0,2,0,0
34,0,2,0,1
36,0,2,0,0
48,0,2,0,1
25,1,2,0,0
51,0,2,0,1
126,0,4,1,1
47,1,3,0,0
36,0,1,0,1
44,1,4,0,0
45,1,2,0,0
72,0,2,0,0
23,0,2,0,0
73,0,1,0,1
54,1,2,0,0
22,1,2,0,0
29,0,2,0,0
27,1,3,0,0
40,1,3,0,1
51,1,2,0,0
43,1,2,1,0
23,1,3,0,0
44,1,3,0,0
34,1,2,0,1
44,0,3,0,0
123,1,5,1,1
141,1,2,1,1
33,1,1,0,1
56,1,2,0,1
74,0,3,0,0
130,1,1,0,0
45,0,3,0,0
58,0,3,0,1
57,1,2,0,0
131,1,3,1,1
153,1,2,1,1
52,0,3,0,0
172,1,2,1,1
33,1,3,0,0
52,1,3,0,0
36,0,2,0,0
20,0,2,0,0
89,1,2,0,1
25,1,2,0,0
89,0,2,0,1
15,0,1,0,1
39,0,3,0,1
27,1,2,0,0
29,0,2,0,0
58,1,2,0,0
83,1,2,0,0
43,0,3,0,1
79,0,2,0,0
29,0,3,0,0
50,1,3,0,0
64,0,2,0,1
155,1,4,0,1
25,0,2,0,0
78,1,2,0,0
50,1,2,0,0
54,0,5,0,1
29,0,2,0,1
20,0,2,0,0
53,0,2,0,1
24,1,2,0,0
98,1,4,0,0
19,0,1,0,1
82,1,2,1,1
93,0,1,0,1
55,0,2,0,0
21,0,2,0,0
19,1,1,0,0
40,0,2,0,1
43,0,3,0,0
41,0,2,0,1
113,1,3,1,1
137,1,3,0,0
45,0,4,0,1
40,0,2,0,1
31,1,3,0,0
33,0,2,0,1
81,1,1,0,1
69,0,2,0,0
45,1,2,0,0
38,1,2,0,1
25,0,3,0,0
40,0,3,0,1
66,0,1,0,0
46,0,3,0,0
23,1,2,0,0
90,1,3,1,0
21,1,1,0,1
52,1,2,0,0
32,0,3,0,1
60,0,3,0,0
85,0,7,0,1
40,1,2,0,0
122,1,2,1,1
43,0,2,0,1
40,1,3,0,1
21,1,1,0,0
38,0,2,0,0
36,0,2,0,1
77,1,3,2,1
86,0,2,0,1
48,0,3,0,1
39,0,3,0,1
46,0,4,0,1
31,0,2,0,0
66,0,5,2,1
557,1,5,1,0
55,1,2,0,1
44,1,2,1,1
111,0,2,0,1
38,1,2,0,0
27,1,2,0,0
52,0,2,0,0
129,0,2,0,1
28,1,2,0,0
131,1,5,1,1
19,0,2,0,0
97,1,2,0,0
56,0,1,0,1
39,0,1,1,1
153,0,5,1,1
40,0,2,0,0
48,0,2,0,0
35,1,2,0,0
45,0,2,0,1
38,0,2,0,0
17,0,2,0,0
70,1,5,0,1
45,0,2,0,1
50,0,2,0,0
23,1,2,0,1
55,0,2,0,1
47,0,2,0,1
59,0,4,0,1
57,1,2,0,0
125,0,4,2,1
77,1,3,0,0
40,1,1,0,0
28,1,3,0,0
25,0,2,0,1
125,0,2,0,0
129,1,2,0,0
33,0,1,0,1
64,1,2,0,0
49,1,1,1,1
67,1,3,0,0
41,0,2,0,1
23,1,1,0,1
36,1,2,0,0
34,0,2,0,0
27,0,3,0,0
65,1,2,0,0
50,0,2,0,1
62,0,2,0,1
83,1,3,0,0
57,0,2,0,0
32,1,2,0,0
50,0,3,0,0
48,1,3,0,0
28,0,2,0,0
79,1,2,1,1
44,1,2,0,1
46,0,3,0,1
35,0,2,0,1
33,1,2,0,0
73,1,2,0,0
46,1,6,0,1
123,1,5,1,1
41,1,2,0,1
24,0,2,0,0
71,1,2,0,0
56,0,4,1,1
92,0,2,0,1
47,0,1,0,0
51,1,4,0,1
73,1,4,1,0
114,0,3,0,1
39,1,2,1,0
70,1,5,0,1
38,1,2,0,1
31,0,1,0,1
93,0,2,0,1
31,0,2,0,1
49,0,3,0,0
51,1,2,0,0
35,0,2,0,0
23,0,2,0,0
46,0,2,0,1
259,1,15,3,1
24,0,1,0,0
49,0,2,0,0
70,0,4,0,1
62,1,3,0,0
25,0,2,0,0
29,1,2,0,0
39,0,2,0,0
23,1,2,0,0
33,0,2,0,0
65,1,2,0,0
76,0,4,0,1
29,1,2,0,0
85,0,2,0,0
127,1,4,1,1
30,1,2,0,0
65,1,2,0,0
43,1,2,0,1
45,1,2,0,1
41,0,3,0,1
89,0,3,1,1
35,0,2,0,1
61,0,3,0,1
26,1,2,0,0
126,0,4,1,1
78,0,2,0,0
36,1,1,0,1
22,0,2,0,0
77,0,1,0,1
29,1,2,0,0
16,0,1,0,0
41,0,2,0,1
32,1,2,0,0
43,1,2,1,0
33,0,2,0,1
34,1,2,0,1
43,0,2,0,1
122,1,5,1,1
29,0,2,0,1
65,0,2,0,0
26,1,2,0,0
70,1,5,0,1
38,1,2,0,1
21,1,1,0,1
122,1,2,0,0
28,1,2,0,0
37,1,1,1,1
127,1,4,1,1
32,0,2,0,0
24,1,2,0,0
49,0,2,0,0
126,1,4,1,1
74,0,3,0,0
30,1,2,0,0
128,1,4,1,1
19,1,1,0,0
26,0,2,0,0
30,0,3,0,1
171,0,4,2,1
68,0,3,0,0
41,1,2,0,1
49,0,3,0,1
17,1,1,0,0
46,1,2,0,0
25,0,1,0,0
22,1,2,0,0
105,1,2,1,1
76,0,2,0,0
26,1,2,0,1
43,0,1,0,1
46,0,5,0,0
29,0,1,0,0
34,0,3,0,1
39,1,2,0,0
48,0,2,1,1
82,0,1,0,0
72,1,2,0,0
50,0,3,0,1
79,0,2,0,0
127,1,4,1,1
26,1,2,0,0
202,0,1,1,1
79,1,4,0,1
30,1,2,0,0
33,1,2,0,1
62,0,2,0,0
46,0,2,0,0
84,1,2,1,1
32,1,2,0,1
101,0,2,0,0
37,0,1,0,1
117,0,5,1,1
41,0,1,1,0
63,0,2,0,1
63,0,3,0,0
65,0,3,0,1
46,1,2,0,1
40,0,2,0,0
49,0,3,0,0
69,0,7,0,1
88,0,2,0,0
55,0,2,0,0
47,0,3,0,0
52,0,2,0,1
80,0,2,0,0
42,1,2,0,0
43,0,3,0,0
50,0,3,0,1
114,1,7,1,1
64,1,2,1,1
32,0,3,0,1
20,0,1,0,1
43,0,2,0,1
77,0,2,0,1
62,1,2,0,0
34,0,3,0,1
130,0,8,0,1
19,0,1,0,1
49,0,3,0,0
50,0,2,0,1
150,0,2,0,1
61,0,2,0,0
39,1,2,0,1
58,0,2,2,1
35,0,2,0,1
57,1,3,0,1
23,1,2,0,0
57,0,4,0,1
79,0,2,0,1
91,1,2,1,0
41,0,1,0,0
79,0,1,0,1
48,0,2,0,0
48,0,3,0,0
21,1,2,0,0
41,1,3,0,0
46,1,3,0,1
123,1,5,1,1
53,0,2,0,1
31,1,2,0,0
29,1,2,0,1
79,0,3,0,0
44,1,2,0,0
58,0,2,1,1
88,0,3,0,0
32,0,1,0,1
101,0,2,0,1
21,0,3,0,1
54,0,3,0,0
94,1,1,0,1
64,0,5,0,1
26,0,2,0,0
46,1,2,0,0
29,0,2,0,0
39,1,2,0,1
58,1,3,0,1
36,1,2,0,1
42,0,3,0,1
44,1,2,0,1
26,1,3,0,0
29,0,2,0,1
34,0,2,0,0
50,0,3,0,1
50,0,1,0,1
18,1,1,0,0
31,0,2,0,1
42,0,2,0,0
43,0,2,0,1
72,0,2,1,1
36,0,4,0,1
38,1,2,0,1
77,0,1,0,1
39,1,3,0,0
23,0,2,0,1
70,0,2,0,0
50,0,5,0,1
34,1,1,0,0
47,0,3,0,0
140,0,3,0,0
45,0,3,0,1
38,0,3,0,0
51,0,5,0,1
110,1,5,1,1
41,0,1,1,1
20,1,2,0,0
126,0,4,1,1
49,0,2,0,0
93,1,3,0,0
46,0,4,0,1
37,1,2,0,0
77,0,1,0,1
46,0,2,0,1
44,0,2,0,0
31,1,1,0,1
46,0,2,0,1
162,0,1,0,1
34,0,2,0,1
38,0,2,0,1
30,0,2,0,1
44,0,2,0,1
158,0,4,1,1
35,0,2,0,1
119,0,4,1,1
25,0,2,0,1
24,0,2,0,1
67,0,3,0,1
44,0,2,0,0
23,0,1,0,1
34,1,3,0,0
30,0,2,0,1
36,1,3,0,1
117,0,4,1,1
47,1,2,0,0
71,0,4,0,0
56,0,2,0,1
63,0,2,0,1
57,1,2,0,0
29,1,2,0,0
106,0,3,1,1
25,1,2,0,0
159,0,2,0,1
25,0,2,0,1
39,1,1,0,0
21,0,2,0,0
69,0,2,0,1
63,1,4,0,0
68,0,2,1,1
59,1,3,0,0
137,1,2,1,1
47,0,2,0,1
263,0,3,1,1
39,1,1,0,1
81,1,3,0,0
31,1,2,0,0
81,0,2,0,1
28,0,2,0,0
87,0,2,1,1
24,0,2,0,0
41,0,2,0,1
48,0,3,0,0
41,1,2,0,0
72,0,1,0,1
31,1,2,0,1
122,1,3,1,0
47,0,1,1,1
63,1,4,0,0
58,0,3,1,1
24,0,1,0,0
113,1,2,1,1
37,0,1,0,0
28,0,2,0,0
67,1,2,0,1
46,0,2,0,0
36,0,2,0,1
46,1,2,0,0
39,0,4,0,1
74,1,1,0,0
40,1,2,0,0
106,0,3,0,0
29,1,3,0,0
95,0,3,0,0
45,0,1,0,1
18,0,1,0,0
77,1,3,0,0
41,1,2,0,0
127,1,4,1,1
27,0,2,0,0
61,0,3,0,0
49,0,2,0,0
164,0,3,1,1
33,0,2,0,1
60,0,8,1,1
60,0,5,0,1
59,0,2,0,0
100,1,1,0,1
213,0,3,1,1
124,1,5,1,1
74,1,3,0,1
38,0,3,0,1
35,1,2,0,1
29,0,2,0,1
55,0,1,0,1
32,0,3,0,1
59,1,2,0,0
48,0,2,0,0
30,0,2,0,0
99,0,4,2,1
129,0,4,1,1
32,1,3,0,0
34,0,1,0,1
84,1,2,1,1
61,1,3,1,1
22,1,2,0,0
36,1,2,0,1
44,1,2,0,0
51,0,3,0,0
44,0,2,0,1
31,0,3,0,0
32,1,2,0,0
29,1,2,0,0
27,1,2,0,0
59,1,2,0,0
34,0,2,0,1
49,0,2,0,1
32,1,2,0,0
159,0,2,1,1
119,0,2,0,0
44,0,2,0,0
61,1,3,0,0
99,1,2,0,1
33,0,2,0,0
80,1,3,0,1
32,0,1,0,0
58,0,1,0,1
30,0,2,0,0
24,0,2,0,0
26,0,3,0,0
45,1,2,0,0
19,0,2,0,1
48,1,2,0,0
58,0,2,0,0
23,0,1,0,0
100,0,1,0,1
23,0,2,0,0
31,1,2,0,0
70,1,1,0,0
83,1,3,0,1
25,1,2,0,0
40,1,2,0,0
29,1,2,0,0
67,0,5,0,1
75,1,3,0,0
123,1,2,0,1
38,1,2,0,1
26,1,2,0,0
51,0,2,0,1
114,1,4,0,1
48,0,1,0,1
45,0,2,0,0
79,0,2,0,0
30,0,1,0,1
34,0,2,0,0
41,0,2,0,0
33,0,2,0,0
38,0,2,0,1
34,1,2,0,0
63,0,2,0,1
35,0,2,0,1
28,0,1,0,1
50,0,3,0,0
26,1,2,0,0
27,1,2,0,0
32,1,2,0,0
49,0,2,0,0
39,1,2,0,1
392,0,24,3,1
83,1,2,1,1
35,0,3,0,0
35,0,2,0,0
29,1,2,0,0
20,0,2,0,0
27,0,2,0,1
37,0,3,0,1
17,0,1,0,1
61,0,2,0,1
29,1,2,0,0
107,0,4,1,1
61,1,3,0,1
68,1,2,0,1
33,0,2,0,1
104,0,10,1,1
37,0,3,0,1
113,1,2,1,1
44,1,1,0,0
53,0,2,0,1
66,0,2,1,1
27,0,1,0,1
93,1,3,0,0
44,1,2,0,1
22,1,1,0,1
256,1,2,1,1
77,0,3,1,1
58,0,3,0,0
45,1,2,1,1
34,1,2,0,0
41,1,2,0,1
98,0,2,0,1
46,0,2,0,0
271,0,5,1,1
24,0,2,0,0
68,0,6,0,1
38,0,2,0,0
45,0,1,0,1
48,1,2,0,0
45,1,2,0,1
51,0,1,0,1
27,1,2,0,0
42,0,1,0,0
43,0,2,0,0
119,0,3,0,0
38,1,2,0,0
124,1,5,1,1
32,0,2,0,0
52,0,2,0,1
26,1,2,0,0
23,0,2,0,0
35,0,3,0,0
76,0,1,0,0
106,0,3,2,1
37,1,2,0,1
29,0,1,0,1
26,1,2,0,0
33,0,2,0,1
45,0,1,0,1
64,1,2,1,1
75,1,2,0,0
26,0,3,0,1
21,1,2,0,0
70,1,3,0,0
57,1,2,0,0
48,1,2,0,1
50,0,3,0,1
124,1,5,1,1
31,0,2,0,1
26,1,2,0,0
34,1,2,0,0
55,1,2,0,1
63,0,3,0,0
35,0,1,0,0
20,1,1,0,0
37,1,2,0,1
133,1,4,0,0
56,0,3,0,0
34,0,2,0,0
83,1,2,0,0
33,0,2,0,1
42,0,3,0,1
65,1,2,0,1
55,0,2,0,0
68,1,4,0,1
35,0,3,0,1
26,1,2,0,0
57,0,3,0,0
121,0,3,0,1
57,0,2,0,0
135,0,1,1,1
219,0,8,0,1
42,0,3,0,0
33,0,2,0,0
142,0,2,1,1
39,0,2,0,1
44,0,4,0,0
27,1,2,0,0
92,1,2,0,0
41,0,2,0,1
38,0,3,0,0
24,1,2,0,0
94,0,4,0,1
38,0,2,0,1
48,1,3,0,0
70,1,4,1,1
41,0,2,0,1
22,0,2,0,1
69,0,4,0,1
29,0,1,0,1
41,0,3,0,0
25,1,1,0,0
65,0,5,0,1
54,0,2,0,1
24,0,2,0,0
64,0,2,0,1
102,1,3,1,1
30,0,2,0,0
87,0,2,0,1
18,0,1,0,0
78,0,2,0,1
85,0,3,0,1
46,1,3,0,1
120,1,4,1,1
122,0,2,0,1
40,0,2,0,1
26,1,1,0,0
26,0,2,0,0
89,0,5,0,1
107,0,2,0,1
73,0,3,1,1
75,1,1,0,0
74,0,2,0,0
69,1,2,0,1
33,1,2,0,1
27,0,1,0,0
36,0,2,0,0
81,0,3,0,0
73,1,7,0,1
29,1,2,0,0
28,0,2,0,0
141,0,1,0,1
56,0,5,0,1
23,1,1,0,1
62,0,5,1,1
41,1,2,0,0
112,0,3,0,0
33,0,2,0,0
44,0,2,0,0
34,0,2,0,1
88,1,3,0,0
57,0,3,0,1
250,0,6,1,1
28,0,2,0,0
55,1,2,0,1
86,0,3,0,0
73,0,1,0,0
75,0,4,0,0
86,0,2,0,1
21,1,2,0,0
88,1,2,0,1
56,0,3,0,0
24,1,2,0,0
107,1,5,1,1
66,0,3,2,1
62,0,2,0,0
46,0,3,1,0
203,0,8,0,1
21,0,1,0,0
28,1,2,0,0
50,0,2,0,1
128,1,4,1,1
38,0,2,0,1
89,0,4,0,0
33,0,2,0,1
45,0,2,0,0
59,0,3,0,1
80,0,4,0,1
24,0,3,0,0
40,0,2,0,0
38,0,2,0,0
20,1,1,0,1
27,1,3,0,0
40,1,2,0,0
85,1,2,0,1
23,1,2,0,0
91,0,2,0,0
87,0,2,0,1
49,1,1,1,1
77,0,1,0,1
38,0,2,0,1
41,1,2,0,0
118,0,2,0,1
72,0,5,0,1
130,0,5,1,1
24,1,2,0,0
32,1,2,0,0
34,1,2,0,1
28,1,2,0,0
42,1,2,1,1
74,1,2,0,0
38,1,2,0,0
51,0,3,0,1
91,1,2,0,0
64,0,2,0,0
74,0,2,0,1
62,0,3,0,0
26,0,2,0,0
110,1,2,1,1
57,1,3,0,0
78,0,3,0,0
54,0,3,0,0
24,0,2,0,0
25,1,2,0,0
59,1,2,0,0
32,0,2,0,1
35,1,1,0,1
49,0,3,0,1
40,0,2,0,1
26,1,2,0,0
188,0,4,1,1
125,1,4,1,1
39,0,2,0,1
58,1,2,0,0
46,1,1,0,1
32,0,2,0,0
275,0,15,2,1
27,0,3,0,0
53,0,2,0,1
46,0,2,0,1
17,1,1,0,0
50,1,3,0,1
27,1,2,0,0
27,0,2,0,0
63,0,2,0,0
19,1,1,0,0
37,0,2,0,1
19,0,1,0,0
26,0,2,0,1
85,0,2,0,0
64,1,2,0,1
132,0,3,0,0
27,0,2,0,0
98,0,4,0,1
56,0,3,0,0
37,1,4,0,1
59,0,4,0,0
55,1,3,0,0
63,0,1,0,0
30,1,2,0,0
38,1,2,0,0
115,1,2,0,0
51,0,3,0,1
34,0,2,0,1
36,0,2,0,1
43,0,2,0,1
42,1,2,0,0
26,0,2,0,0
26,0,2,0,0
64,1,5,0,1
26,1,2,0,0
162,0,4,1,1
66,0,2,0,0
55,0,3,0,1
42,0,2,0,1
28,1,1,0,1
53,0,4,0,1
94,0,3,0,1
33,1,2,0,1
126,0,2,1,0
45,1,2,0,1
37,1,2,0,0
37,0,3,0,1
78,1,3,0,1
24,0,2,0,0
54,0,2,0,1
40,0,1,0,0
22,1,2,0,0
55,1,2,0,0
124,0,3,0,1
34,0,2,0,1
66,0,3,0,1
49,1,1,0,1
118,0,4,1,1
59,1,2,0,1
60,0,3,0,0
28,0,2,0,0
404,0,2,2,1
29,0,2,0,1
29,1,2,0,0
77,1,4,1,0
71,0,2,0,0
88,0,2,0,1
48,1,2,0,0
119,0,3,0,0
51,0,2,0,1
55,0,3,0,0
66,1,4,0,0
79,0,3,1,0
42,1,2,0,1
118,0,4,1,1
112,1,2,1,1
84,1,2,0,1
94,0,3,0,1
138,0,2,1,1
30,0,2,0,0
102,0,3,0,0
36,0,2,0,1
21,0,1,0,1
75,0,6,1,1
126,1,3,1,1
83,0,3,0,0
63,0,2,0,1
77,0,3,1,0
32,0,2,0,1
25,0,2,0,0
41,1,2,0,0
35,1,2,0,0
38,0,3,0,1
83,1,4,1,0
35,0,1,0,0
20,0,2,0,0
18,1,1,0,0
99,1,2,0,1
41,1,2,0,0
32,0,3,0,1
19,0,1,0,0
64,0,3,0,0
107,0,6,2,1
68,0,3,0,0
64,0,2,0,0
47,0,2,0,0
62,1,2,0,0
49,0,2,0,0
36,0,2,0,0
68,0,4,0,1
42,0,3,0,1
45,0,2,0,0
56,1,1,0,0
48,0,3,0,1
39,0,3,0,0
80,1,2,0,0
43,1,2,0,0
102,0,2,0,0
56,0,2,1,1
121,0,5,1,1
26,1,2,0,0
25,0,2,0,1
75,0,2,0,1
23,0,3,0,0
32,0,4,0,1
55,0,3,0,0
74,1,4,1,0
23,1,2,0,0
86,0,3,0,0
36,1,4,0,1
23,1,2,0,0
126,0,3,1,1
47,1,2,0,0
29,0,1,0,0
26,0,2,0,1
45,0,2,0,0
29,1,2,0,0
121,0,2,0,0
95,0,1,0,1
66,0,6,0,1
79,0,5,0,1
45,1,4,0,1
23,0,2,0,0
26,0,2,0,1
31,0,1,0,1
50,0,2,1,1
49,1,4,0,1
52,1,2,0,0
32,0,2,0,1
67,0,3,0,1
22,1,2,0,0
33,0,2,0,1
34,0,3,0,0
47,0,3,0,1
126,0,4,1,1
46,0,2,0,0
53,0,3,0,1
25,1,2,0,0
127,0,4,1,1
33,0,2,0,1
47,0,2,0,0
61,1,3,0,1
154,1,2,1,1
57,0,2,0,0
46,1,2,0,0
59,0,2,0,1
40,0,1,1,1
92,0,2,0,0
128,1,4,1,1
46,1,4,0,0
36,0,2,0,1
34,0,1,0,1
36,0,2,0,1
60,0,2,0,0
62,0,1,0,1
105,0,3,2,1
84,0,4,0,1
62,0,3,0,0
129,0,5,1,1
68,1,4,0,0
38,1,2,0,1
47,0,1,0,0
62,1,1,1,0
26,0,2,0,0
33,1,2,0,1
17,0,1,0,0
70,0,2,0,0
58,0,3,0,0
123,1,5,1,1
52,0,2,0,0
18,0,1,0,0
41,1,1,0,1
22,0,2,0,1
126,1,4,1,1
64,1,2,0,0
86,1,3,0,1
54,0,2,0,1
30,1,2,0,0
283,1,3,1,1
70,1,2,0,0
96,0,1,0,0
25,1,2,0,0
58,1,2,0,0
51,0,3,0,0
22,1,2,0,0
37,0,2,0,0
68,0,2,0,0
61,0,2,0,0
56,0,2,0,0
263,0,5,1,1
61,1,3,1,0
76,0,4,0,1
37,0,2,0,1
27,0,2,0,0
29,0,2,0,0
33,1,2,0,0
37,0,3,0,1
101,0,3,0,1
48,0,1,0,1
38,0,2,0,0
88,1,2,0,0
61,0,3,0,0
40,0,2,0,0
29,1,3,0,0
17,1,1,0,0
64,1,1,0,0
34,0,3,0,0
59,1,3,1,0
95,0,7,0,1
127,1,4,1,1
19,0,1,0,1
58,0,2,1,1
47,0,2,0,0
48,0,2,0,1
30,1,2,0,0
92,1,6,2,1
18,0,2,0,1
91,0,4,0,1
57,0,4,0,1
48,1,2,0,0
38,1,2,0,0
127,1,4,1,1
36,0,2,0,0
84,0,3,0,0
42,1,2,0,0
74,0,3,0,0
22,0,2,0,0
127,0,4,1,1
29,0,1,0,1
112,0,2,1,1
31,0,2,0,0
42,1,2,0,1
43,0,2,0,0
57,0,4,0,1
56,0,2,0,0
58,0,4,0,1
64,0,2,0,1
89,0,2,0,1
31,1,1,0,1
25,0,2,0,0
16,1,1,0,0
41,1,2,0,1
46,0,2,0,0
116,0,5,1,1
125,1,4,1,1
78,0,2,1,1
66,0,3,0,0
68,0,4,0,1
32,0,4,0,1
45,0,1,0,0
81,1,5,0,1
27,1,2,0,0
96,0,3,0,0
13,0,1,0,0
44,1,2,0,0
35,0,2,0,1
91,0,1,0,0
67,0,1,0,1
49,0,2,0,0
79,0,2,0,1
22,1,2,0,0
52,1,2,1,0
48,0,3,0,0
28,0,1,0,1
76,0,7,0,1
65,0,3,0,0
27,0,1,0,1
65,1,3,2,1
61,0,3,0,0
34,1,2,0,0
50,0,2,0,0
24,0,1,0,1
36,1,2,0,0
48,0,3,0,1
34,0,2,0,0
102,1,1,0,0
117,0,2,0,1
33,1,2,0,0
48,0,4,0,1
54,1,2,0,0
57,0,3,0,0
39,0,2,0,1
163,0,6,0,1
17,0,1,0,0
73,0,4,0,1
65,0,3,0,0
43,0,3,0,0
52,0,3,0,0
27,0,2,0,0
29,1,2,0,0
76,0,4,0,1
50,1,2,0,0
59,0,3,0,0
202,1,2,1,1
19,0,2,0,0
169,1,5,1,1
39,1,2,0,1
28,1,2,0,1
38,0,2,0,1
39,1,3,0,0
40,0,2,0,0
144,1,2,1,1
71,1,4,0,1
25,1,2,0,0
64,0,2,0,1
196,0,2,1,1
29,1,1,0,1
52,0,2,0,1
37,1,2,0,1
37,1,2,0,0
32,0,3,0,1
23,0,2,0,1
77,1,4,0,1
24,0,2,0,0
76,0,8,0,1
25,0,2,0,0
35,0,2,0,0
30,1,2,0,0
63,0,2,0,1
107,0,2,0,1
31,1,2,0,0
64,0,2,0,1
66,0,4,0,1
30,0,1,0,1
48,0,3,1,0
33,1,2,0,1
36,1,2,0,0
26,1,2,0,0
32,0,2,0,1
58,0,2,0,0
36,1,2,0,0
107,0,4,2,1
48,1,3,0,0
42,1,3,0,1
18,0,2,0,0
24,1,2,0,0
164,0,6,1,1
60,0,3,0,0
113,1,2,1,1
38,1,2,0,0
43,0,4,0,1
63,0,2,0,0
32,0,2,1,1
22,0,2,0,0
67,1,3,0,1
76,0,4,0,1
67,0,2,0,0
22,1,2,0,0
32,1,2,0,1
27,1,2,0,0
47,0,1,0,1
61,0,2,0,1
27,1,2,0,0
64,0,3,0,0
63,1,5,1,1
29,1,2,0,1
127,0,4,1,1
127,0,2,0,0
29,0,2,0,1
92,0,2,0,1
29,0,2,0,1
36,1,3,0,0
23,0,1,0,1
119,0,3,0,0
40,0,1,0,1
121,1,2,1,1
44,1,2,0,0
60,0,3,0,1
101,0,2,0,0
38,1,2,0,1
44,0,2,0,0
38,1,2,0,0
74,0,3,0,1
37,1,2,0,0
39,1,2,0,1
67,1,1,0,0
44,1,3,0,1
28,0,2,0,1
23,1,2,0,0
93,0,3,0,1
78,0,3,0,0
112,0,3,0,0
74,1,3,0,0
21,0,2,0,0
45,0,2,0,0
40,1,2,0,1
48,1,3,0,0
61,0,2,0,0
114,0,3,0,1
48,1,2,0,0
126,0,4,1,1
26,0,1,0,1
28,1,2,0,0
47,0,2,1,0
96,0,3,0,1
37,0,4,0,1
42,0,3,0,1
35,0,2,0,1
69,0,2,0,1
20,0,2,0,0
45,0,2,0,0
57,0,5,0,1
92,0,2,0,1
34,0,2,0,1
39,1,2,0,0
92,0,2,0,1
19,1,2,0,0
129,0,5,1,1
47,0,2,0,0
342,1,5,1,1
42,0,1,0,1
34,0,4,0,1
33,0,2,0,0
31,0,1,0,0
19,0,2,0,0
45,0,2,0,1
69,1,2,0,0
77,0,2,0,0
74,0,1,0,1
19,1,2,0,0
34,1,3,0,0
50,0,1,0,0
259,0,2,0,1
66,0,2,0,0
61,0,4,0,1
21,0,1,0,0
183,1,2,0,1
28,1,2,0,0
81,0,2,0,1
74,1,2,0,0
20,0,1,0,0
44,1,2,0,0
25,0,1,0,1
53,0,3,0,1
94,0,2,0,1
16,0,1,0,0
56,0,2,0,1
35,0,2,0,1
42,0,2,0,0
66,0,5,0,1
61,0,3,0,0
32,0,2,0,1
76,0,3,0,1
28,0,2,0,0
50,1,1,0,1
56,0,4,0,1
107,0,3,2,1
24,0,2,0,0
55,1,2,0,1
35,1,2,0,1
47,1,2,0,0
148,1,2,1,1
22,0,1,0,0
35,0,2,0,1
26,1,2,0,0
76,1,5,0,1
27,0,2,0,0
61,0,2,0,1
62,0,2,0,0
121,1,2,1,1
31,0,2,0,1
39,0,3,0,1
38,1,2,0,1
40,1,2,0,1
43,0,2,0,0
24,0,2,0,0
51,0,5,0,1
126,0,4,1,1
34,0,3,0,1
20,0,3,0,1
46,0,3,0,1
43,1,2,0,0
46,0,4,0,1
35,1,2,0,1
44,0,3,0,0
102,1,2,1,1
70,0,3,1,1
48,0,2,0,0
129,1,5,0,1
20,0,1,0,1
65,1,3,0,0
28,1,3,0,0
73,1,3,0,0
69,0,2,0,0
40,0,2,0,0
56,1,2,0,0
49,0,1,0,1
55,1,3,0,0
536,0,2,1,1
26,0,2,0,0
42,0,2,0,0
69,0,2,0,1
74,1,4,0,0
43,0,2,0,1
36,0,2,0,0
69,1,5,1,1
24,1,2,0,0
41,0,2,0,1
66,0,5,0,1
22,0,2,0,0
66,0,3,0,0
71,1,4,0,0
58,0,3,0,1
31,1,2,0,0
77,1,2,0,0
58,0,3,0,0
69,0,4,0,0
30,1,3,0,0
27,1,2,0,0
48,0,4,0,1
48,1,3,0,1
46,1,2,0,1
20,0,1,0,1
35,0,1,0,1
28,1,2,0,1
32,0,1,0,1
72,1,4,2,1
46,1,1,0,0
17,0,2,0,0
132,0,1,1,1
42,0,3,0,0
60,1,2,0,1
30,0,1,0,1
60,1,2,0,0
27,0,2,0,0
140,0,3,1,1
45,1,2,1,1
90,0,2,1,1
85,1,4,1,1
129,0,5,1,1
29,0,2,0,1
27,0,2,0,0
123,1,5,1,1
106,1,2,0,0
113,0,1,0,0
27,0,2,0,0
85,1,3,1,1
57,0,2,0,1
101,1,2,1,1
22,1,2,0,0
25,0,2,0,0
56,0,2,0,1
34,1,2,0,0
58,1,5,1,1
43,1,2,0,0
40,0,2,0,0
32,1,1,0,1
32,0,2,0,0
142,1,3,0,1
71,0,5,1,1
147,0,2,0,1
17,1,1,0,0
23,0,2,0,1
18,0,2,0,0
127,1,4,1,1
36,1,2,0,0
54,0,3,0,1
26,0,2,0,1
79,0,4,1,1
63,0,3,0,1
79,0,3,0,1
54,0,3,0,0
31,0,2,0,0
36,1,2,0,1
27,1,2,0,0
37,0,2,0,1
79,0,7,0,1
38,0,1,0,1
36,0,2,0,0
91,1,3,1,1
63,1,3,1,1
126,0,3,1,1
28,1,3,0,0
45,0,4,0,1
57,1,2,0,0
25,1,1,0,1
38,0,2,0,1
106,0,2,1,1
33,1,3,0,0
88,1,4,1,0
29,1,2,0,1
55,1,4,0,1
38,0,4,0,1
62,1,2,0,0
35,1,2,0,1
70,0,2,0,0
49,0,3,0,1
109,1,2,0,0
71,1,3,1,1
54,0,3,0,0
19,0,1,0,1
41,0,2,0,0
84,0,3,0,0
47,0,3,0,1
40,0,3,0,1
59,1,4,1,1
60,0,1,0,1
68,0,2,0,1
32,0,3,0,1
50,0,2,0,0
131,1,2,0,1
50,0,1,0,1
99,0,3,0,0
22,1,2,0,0
20,1,2,0,0
23,1,2,0,0
55,0,4,0,1
45,1,2,0,0
35,0,2,0,1
54,1,3,0,0
28,0,2,0,0
24,1,2,0,0
65,0,5,1,1
27,1,2,0,1
30,1,2,0,1
122,1,2,0,1
17,0,1,0,0
48,0,2,0,0
57,0,3,1,0
88,1,3,0,0
70,1,2,1,1
128,1,4,1,1
47,0,2,0,0
62,1,3,0,0
43,1,2,1,0
19,0,2,0,0
27,0,1,0,0
49,0,2,0,0
100,0,3,1,1
36,0,2,0,1
77,0,1,0,1
28,0,2,0,0
35,0,2,0,0
77,1,3,0,0
111,0,3,2,1
34,1,2,0,1
56,0,2,0,0
79,0,2,2,1
165,0,6,0,1
20,1,2,0,0
76,0,4,0,1
29,1,2,0,0
42,1,3,0,1
29,0,2,0,0
44,1,2,0,0
32,0,3,0,1
34,0,3,0,0
29,1,2,0,0
52,0,2,0,1
26,0,1,0,1
32,1,2,0,1
27,1,1,0,1
71,1,4,1,0
24,0,2,0,0
59,1,2,1,1
27,0,2,0,0
62,0,3,0,1
45,1,4,0,0
25,0,2,0,1
44,0,3,0,1
118,1,3,0,0
57,0,4,0,1
83,1,4,0,0
106,0,4,0,1
38,1,2,0,1
121,1,2,0,0
38,1,2,0,0
29,1,2,0,0
107,1,2,0,0
81,0,2,0,1
141,1,2,0,1
51,0,3,0,0
63,0,3,0,0
54,0,3,0,0
35,1,1,0,1
52,1,2,0,0
67,0,3,0,0
39,1,1,0,1
56,0,2,0,1
41,1,3,0,1
42,0,4,0,1
72,0,2,1,0
47,0,2,0,0
32,0,2,0,0
60,0,4,0,1
51,0,3,0,0
33,0,1,0,1
33,1,2,0,0
23,1,1,0,0
85,0,2,0,0
89,1,4,0,0
86,0,4,0,1
36,1,2,0,1
27,0,2,0,1
33,0,2,0,0
33,0,2,1,0
59,0,3,1,1
37,0,3,0,1
30,1,2,0,0
58,0,1,0,1
87,0,3,0,1
23,0,1,0,1
58,0,3,0,0
29,0,2,0,0
92,1,2,0,1
54,0,4,0,1
83,0,3,1,1
32,1,2,0,0
26,0,2,0,1
24,1,2,0,0
33,1,2,0,0
59,0,2,0,1
43,1,2,0,0
94,1,2,0,1
59,1,5,0,1
76,0,5,0,1
72,0,4,0,1
126,0,4,1,1
19,0,2,0,1
42,0,3,0,0
61,0,4,0,1
30,0,2,0,0
73,0,3,0,1
145,1,3,0,1
27,0,2,0,0
34,1,2,0,1
76,0,3,0,0
28,1,2,0,1
49,1,2,0,0
18,0,2,0,0
138,1,2,0,1
57,1,2,0,0
40,0,2,0,0
30,1,2,0,0
52,0,2,1,1
18,0,2,0,0
127,0,4,1,1
31,0,2,0,0
42,1,2,0,0
52,0,5,0,1
73,1,3,0,0
43,0,3,0,0
199,1,5,1,1
71,1,3,0,0
65,1,2,0,0
27,0,2,0,0
53,1,2,1,1
124,0,4,1,1
29,0,2,0,1
132,1,3,1,1
35,1,1,0,1
26,1,1,0,1
58,0,2,0,0
28,1,2,0,0
39,1,3,0,0
22,0,2,0,0
78,1,3,0,0
28,1,2,0,0
41,1,2,1,0
106,1,4,1,1
48,0,4,1,1
39,1,2,0,0
45,0,2,0,1
26,1,2,0,0
27,0,2,0,0
78,1,2,0,0
82,1,5,1,1
38,1,2,0,1
32,1,3,0,0
69,0,4,0,0
36,0,2,0,1
92,1,3,1,0
41,0,2,1,0
80,0,3,0,1
49,0,2,0,1
46,1,4,0,1
20,1,2,0,0
42,0,2,0,1
47,1,3,0,1
33,1,1,0,1
27,1,3,0,0
54,0,3,0,0
57,1,2,0,0
53,0,5,0,1
88,0,4,0,0
19,1,2,0,0
34,1,2,0,0
36,0,2,0,0
54,1,3,0,1
55,1,2,0,0
43,1,2,0,1
50,0,3,0,1
32,0,2,0,0
41,0,2,0,1
28,0,2,0,1
28,1,2,0,1
60,1,1,0,1
40,0,2,0,1
84,0,2,0,1
86,0,3,0,1
74,0,2,0,1
38,0,2,0,0
54,1,2,0,1
61,0,3,0,1
28,0,2,0,0
179,1,6,2,1
72,1,4,1,0
60,0,2,0,0
20,0,2,0,0
37,0,1,0,1
56,0,2,0,1
30,1,2,0,0
20,1,2,0,0
218,0,4,1,1
81,0,3,0,0
21,0,3,0,0
17,0,1,0,0
31,1,3,0,0
28,1,2,0,0
35,0,2,0,0
30,1,2,0,0
48,0,2,0,0
141,1,2,1,1
28,0,2,0,1
21,0,2,0,0
36,0,2,0,1
111,0,2,0,0
43,0,2,0,1
61,0,3,0,0
110,0,2,0,1
41,0,3,0,0
42,1,2,0,0
142,1,5,1,1
51,0,2,0,1
69,0,3,0,1
75,0,2,1,1
31,0,2,0,0
29,0,2,0,0
69,1,1,0,1
52,1,2,0,0
69,0,3,0,0
83,1,2,0,0
38,1,3,0,1
20,0,2,0,0
70,1,5,0,1
36,1,2,0,0
41,0,2,0,1
28,1,2,0,0
29,1,1,0,1
23,0,1,0,0
65,1,6,1,1
126,0,1,0,1
33,1,2,0,1
30,0,2,0,0
49,0,2,0,0
58,0,1,0,0
47,0,2,0,1
26,1,2,0,1
27,1,2,0,0
45,0,2,0,1
113,0,3,0,0
118,1,3,1,1
28,1,2,0,0
44,1,2,0,0
21,0,2,0,1
29,0,2,0,0
112,1,2,0,0
32,1,1,0,1
37,1,2,0,0
67,0,2,0,0
119,0,4,1,1
41,0,2,0,1
37,0,3,0,0
90,0,2,0,0
69,1,2,0,1
210,1,2,1,1
78,0,3,0,0
157,0,3,1,1
110,0,2,0,1
28,1,2,0,0
43,1,2,0,0
69,0,2,0,1
52,0,3,0,0
29,1,2,0,0
18,0,1,0,0
19,1,2,0,0
52,1,4,0,1
76,0,2,0,0
32,1,1,0,1
140,0,1,0,1
30,1,2,0,0
72,0,3,0,0
53,0,3,0,0
44,1,1,0,1
53,1,2,0,1
39,0,2,3,1
59,1,2,0,0
23,0,2,0,0
44,1,2,0,1
127,1,4,1,1
1641,1,3,1,1
28,0,2,0,0
40,0,2,0,1
18,1,1,0,0
38,0,2,0,0
25,0,2,0,1
21,1,2,0,0
23,0,2,0,1
34,0,2,0,0
110,1,2,1,1
52,0,3,0,0
24,1,2,0,0
83,0,2,0,0
74,0,2,0,0
22,0,2,0,0
65,0,2,0,0
28,1,2,0,0
48,0,2,1,1
35,0,2,0,0
49,1,5,0,1
31,1,2,0,0
47,0,4,0,1
42,0,2,0,0
51,1,2,0,0
141,1,2,0,1
25,0,1,0,1
56,0,5,0,1
36,0,2,0,1
39,0,2,0,1
82,1,2,1,1
32,1,1,0,1
81,0,2,0,1
31,1,2,0,0
49,0,2,0,0
32,1,2,0,0
54,1,2,0,1
48,1,2,0,1
43,0,2,0,0
55,0,3,0,1
35,1,3,0,1
31,1,1,0,1
15,0,1,0,0
34,0,2,0,0
24,0,2,0,0
81,0,2,0,1
99,0,1,0,1
35,0,2,0,0
84,0,4,0,1
32,0,2,0,1
48,1,3,0,0
29,0,2,0,0
57,0,3,0,0
18,0,1,0,1
49,1,2,0,0
196,0,3,0,1
24,0,2,0,0
42,0,2,0,0
85,0,1,0,0
79,0,2,0,0
26,0,2,0,1
68,0,5,0,1
23,0,2,0,0
33,0,2,0,0
73,1,4,2,1
44,1,2,0,1
48,0,3,0,1
23,0,2,0,0
20,0,1,0,1
78,0,2,0,0
89,0,2,0,0
32,1,2,0,0
33,1,2,0,0
39,0,2,0,0
22,0,2,0,0
24,1,2,0,0
87,1,4,0,0
56,0,2,0,0
23,0,1,0,0
29,0,2,0,0
32,0,3,0,0
37,1,3,0,1
26,0,2,0,0
33,0,1,0,0
32,1,2,0,0
275,0,3,1,1
107,0,2,0,1
27,1,2,0,0
43,0,2,0,1
52,0,2,0,0
80,1,4,0,0
94,1,2,0,0
28,0,2,0,1
43,1,2,0,1
112,0,3,2,1
26,0,1,0,1
102,0,1,0,1
50,0,3,0,1
28,0,2,0,0
62,0,3,0,0
51,0,1,0,1
43,1,2,1,0
20,1,1,0,0
21,1,2,0,0
14,0,1,0,0
23,1,2,0,1
104,0,3,0,0
76,0,4,0,1
43,0,2,0,1
77,0,1,0,0
45,0,2,0,0
51,0,2,0,0
120,0,3,0,0
51,1,2,0,1
79,1,4,1,0
21,0,1,0,0
94,1,3,0,1
24,0,2,0,1
25,0,2,0,0
73,0,3,1,1
43,1,2,0,0
85,0,2,0,1
76,0,4,0,1
36,0,2,0,1
202,1,2,0,1
22,0,2,0,0
49,0,1,0,0
25,0,2,0,0
69,1,4,0,1
30,1,2,0,0
92,0,3,1,1
18,1,1,0,0
118,0,3,0,0
75,1,3,0,0
62,1,3,0,0
40,1,4,0,1
24,1,2,0,0
45,1,2,0,0
33,0,2,0,0
22,0,2,0,0
33,1,2,0,0
43,1,3,0,0
20,1,1,0,1
26,1,2,0,0
100,0,3,1,1
21,1,2,0,0
40,1,2,0,0
36,1,2,0,0
38,0,3,0,0
34,1,3,0,1
26,1,2,0,0
56,0,3,0,0
127,1,4,1,1
75,0,3,0,1
79,1,4,0,1
51,0,3,0,1
25,1,1,0,1
52,1,4,2,1
55,1,2,0,0
23,1,2,0,0
38,1,2,0,0
48,0,2,0,0
62,0,3,0,0
907,1,6,1,1
47,1,1,1,1
28,0,2,0,0
128,1,4,1,1
23,1,2,0,1
1386,0,13,3,1
92,0,3,0,0
31,0,2,0,1
41,0,2,0,0
37,0,1,1,1
67,0,3,0,0
115,1,2,1,1
127,1,4,1,1
104,0,4,0,1
39,1,2,0,1
25,1,2,0,0
44,1,2,0,0
46,1,2,0,0
37,0,2,0,1
69,1,1,0,1
36,1,2,0,0
69,1,4,2,1
43,0,2,0,1
40,0,2,0,1
52,0,2,0,1
104,0,4,0,1
34,0,4,0,1
26,0,2,0,0
77,0,1,0,1
56,0,2,0,1
38,0,3,0,1
35,0,3,0,0
35,0,1,0,0
230,0,3,1,1
121,1,2,0,0
34,0,2,0,1
37,0,2,0,0
26,1,2,0,0
31,1,2,0,0
31,1,2,0,0
476,0,24,2,1
39,0,4,0,1
62,0,3,0,0
31,0,2,0,1
77,0,2,1,1
77,0,1,0,1
65,1,2,0,0
128,1,4,1,1
75,0,2,2,1
54,0,2,0,0
40,0,1,0,0
96,1,3,0,0
35,0,2,0,0
65,1,2,0,1
50,0,6,0,1
36,0,2,0,1
67,1,3,0,1
43,0,2,0,0
38,0,1,0,1
118,1,4,1,1
33,0,2,1,0
75,1,3,0,1
27,1,1,0,1
51,0,2,0,0
32,0,2,0,1
54,1,2,0,1
42,0,2,0,1
43,0,2,0,0
30,1,2,0,0
88,0,1,0,0
50,0,3,0,1
26,0,2,0,0
126,1,4,1,1
39,1,2,0,0
74,0,2,0,1
68,0,4,0,1
40,0,2,0,0
27,0,2,0,0
34,0,2,0,0
125,0,4,1,1
55,1,3,0,0
69,0,3,0,0
44,0,1,0,1
40,1,2,0,1
40,0,2,0,0
66,1,3,0,1
101,0,2,0,1
55,0,4,0,0
49,1,2,0,0
109,0,3,0,1
51,1,5,0,1
130,0,3,0,0
70,1,5,0,1
37,0,2,0,1
27,0,2,0,0
57,0,2,0,0
32,1,2,0,0
31,1,2,0,0
443,1,2,0,1
26,0,2,0,0
64,1,5,0,1
27,1,2,0,0
61,0,3,0,0
51,1,2,1,1
57,1,2,0,0
68,0,2,0,1
40,0,2,0,1
37,0,2,0,0
32,1,1,0,1
39,0,4,0,1
46,0,3,0,0
46,0,2,0,0
34,1,2,0,0
35,1,2,0,0
169,0,3,0,1
31,0,2,0,0
28,0,3,0,1
47,0,1,0,1
48,1,1,0,1
82,0,3,0,1
48,0,4,0,1
28,0,2,0,0
63,0,2,0,0
27,0,2,0,0
77,0,1,0,1
44,0,3,0,0
30,0,2,0,1
46,0,2,0,1
36,0,3,0,0
31,0,3,0,1
104,0,3,1,1
75,1,3,0,0
48,1,3,0,1
48,0,2,0,1
35,0,1,0,1
61,0,1,0,1
83,0,2,0,0
35,0,3,0,1
78,1,4,0,1
65,0,3,0,0
169,1,6,1,1
52,0,3,1,0
55,0,2,0,0
78,0,4,2,1
40,1,1,0,1
36,0,2,0,0
26,0,1,0,1
34,1,1,0,0
30,1,2,0,1
87,1,2,0,0
36,0,3,0,1
439,0,3,1,1
30,1,2,0,0
26,1,2,0,0
51,0,3,0,0
32,0,2,0,0
66,0,6,0,1
105,1,2,1,1
71,0,2,0,1
30,1,2,0,0
49,1,2,0,0
43,0,2,0,1
26,1,2,0,1
29,0,3,0,1
53,0,2,0,1
120,0,2,0,0
26,1,1,0,0
46,0,1,0,0
24,0,2,0,0
47,1,3,0,1
94,1,2,2,1
44,0,3,0,0
38,1,2,0,1
24,0,1,0,0
27,1,2,0,0
40,0,2,0,0
21,0,2,0,0
72,0,5,1,1
19,0,2,0,0
26,1,2,0,0
49,0,1,0,0
27,0,1,0,1
61,1,3,0,0
23,1,2,0,0
59,0,2,1,1
40,0,3,0,1
67,1,3,0,0
22,1,2,0,0
38,1,1,1,0
53,0,2,0,0
28,0,2,0,0
50,0,3,0,1
92,1,2,0,1
23,1,1,0,1
77,0,1,0,1
54,0,2,0,0
37,1,2,0,0
30,0,2,0,0
60,0,3,0,1
51,1,2,0,0
83,1,4,0,1
23,1,2,0,0
44,0,2,0,0
96,1,3,0,1
36,0,1,0,1
28,1,2,0,0
83,1,4,2,1
135,1,2,1,1
30,0,2,0,0
34,1,2,0,0
113,0,3,2,1
198,0,6,1,1
44,0,2,0,1
23,0,2,0,1
27,0,2,0,1
126,0,3,1,1
31,1,2,0,0
21,0,1,0,0
56,1,2,0,0
56,1,2,0,0
33,1,2,0,1
38,1,2,0,0
30,0,2,0,0
26,1,2,0,1
28,0,1,0,0
60,0,1,0,0
26,0,2,0,0
27,1,2,0,0
72,0,3,1,1
68,1,2,0,1
43,0,4,0,1
48,1,2,0,1
44,0,3,0,1
83,1,2,0,0
28,0,1,0,1
67,0,3,0,1
44,0,2,0,1
49,0,3,0,0
68,1,4,0,1
29,0,3,0,1
29,0,2,0,0
50,0,2,0,1
68,0,2,0,1
64,0,2,0,0
35,1,1,0,1
40,0,2,0,0
53,0,2,1,0
39,1,3,0,1
49,0,3,0,0
40,0,2,0,1
25,1,1,0,0
65,1,2,0,0
68,0,3,0,0
31,1,2,0,0
31,0,2,0,0
125,1,4,1,1
45,0,2,0,1
32,0,2,0,1
95,1,3,0,1
83,0,2,0,0
20,1,2,0,0
36,1,2,0,0
34,1,2,0,0
32,0,1,0,1
58,1,2,0,0
43,0,3,0,0
66,0,4,0,1
68,0,4,2,1
128,0,5,1,1
41,0,2,0,1
34,0,2,0,1
105,0,3,0,0
78,1,2,0,0
27,1,2,0,0
76,0,1,1,1
33,1,2,0,1
34,1,2,0,0
48,1,2,0,0
125,1,4,1,1
33,1,2,0,0
71,0,4,0,1
44,0,2,0,0
39,0,3,0,0
44,0,2,0,0
49,0,2,0,0
92,0,3,0,1
62,0,2,1,0
52,0,2,0,0
34,1,2,0,1
46,1,3,0,1
32,0,2,0,0
29,0,2,0,0
22,1,2,0,0
20,0,2,0,1
40,0,1,0,0
24,1,2,0,0
39,1,2,0,0
39,0,1,1,1
85,0,2,0,1
57,0,3,0,0
45,0,3,0,0
41,1,2,0,0
43,0,4,0,1
174,0,8,2,1
32,1,2,0,1
99,1,2,1,1
35,0,2,0,1
72,0,3,0,0
58,0,2,0,0
61,0,1,0,1
25,1,2,0,0
437,0,7,1,1
20,1,1,0,1
91,1,3,0,1
28,0,2,0,0
39,0,2,0,1
72,0,3,0,0
57,0,3,0,0
159,0,4,1,1
44,1,2,0,0
50,1,3,0,1
58,0,2,0,1
109,1,2,0,0
44,1,4,0,1
58,0,3,1,0
76,0,2,0,0
64,0,2,0,0
47,0,3,0,1
44,0,2,0,1
35,1,2,0,0
59,0,2,0,0
51,1,6,0,1
31,1,2,0,1
122,0,22,0,1
67,0,3,0,0
127,1,3,1,1
84,1,2,1,1
73,0,3,0,0
42,0,4,0,1
119,0,1,0,1
43,1,2,0,1
26,0,1,0,1
24,0,2,0,0
50,0,2,0,0
23,0,2,0,0
31,1,2,0,0
44,0,2,0,0
110,1,4,0,0
123,1,5,1,1
77,0,1,0,1
24,0,1,0,1
43,0,2,0,0
95,1,2,0,0
50,0,3,0,1
73,0,1,0,0
77,1,2,0,1
68,0,3,0,1
72,0,2,0,1
61,1,2,0,0
58,0,3,0,1
66,0,2,0,1
90,0,5,0,1
77,0,3,0,0
22,0,2,0,0
25,1,2,0,0
57,0,1,0,1
25,1,1,1,1
53,0,2,0,0
30,0,1,0,0
35,0,2,0,0
38,1,1,0,1
45,0,2,0,0
51,0,4,0,1
53,0,3,2,1
38,0,3,1,0
56,1,3,0,0
82,1,2,1,1
127,1,2,0,1
26,1,2,0,0
92,0,3,0,1
55,0,2,0,1
29,1,2,0,0
49,0,2,0,0
120,0,2,0,0
27,1,2,0,1
25,0,2,0,0
77,1,3,0,1
38,1,2,0,1
25,0,3,0,0
37,1,2,0,0
59,1,2,0,0
64,0,2,0,1
81,1,2,0,0
44,0,4,0,1
48,0,4,0,0
74,0,2,0,0
59,1,2,0,1
132,1,3,1,1
47,1,2,0,0
31,0,2,0,1
29,0,2,0,1
57,0,3,0,1
36,1,2,0,1
86,0,2,0,0
39,0,2,0,1
127,1,4,1,1
25,1,2,0,0
299,1,16,2,1
40,0,2,0,0
33,1,2,0,0
67,0,2,0,0
96,0,4,0,1
177,0,16,0,1
126,0,4,1,1
22,0,1,0,1
127,1,4,1,1
43,1,2,1,0
26,1,2,0,0
58,0,2,0,0
24,0,1,0,1
57,0,2,1,1
30,0,2,0,0
30,0,2,0,0
83,0,2,0,0
38,1,2,0,0
93,0,1,0,1
107,0,2,0,1
31,1,2,0,1
53,1,2,0,0
46,0,1,0,1
25,1,2,0,0
99,1,2,0,1
29,0,2,0,1
55,1,4,0,1
37,0,2,0,0
47,0,2,0,1
67,1,2,0,0
60,0,3,0,1
48,0,3,1,0
32,0,2,0,0
61,0,3,0,0
41,1,2,0,1
38,0,1,1,1
30,0,2,0,0
133,0,2,0,1
58,0,3,0,1
38,1,2,0,1
79,0,2,0,1
79,1,4,0,0
32,0,4,0,1
39,1,2,0,1
27,1,3,0,0
50,1,3,0,1
138,0,2,1,1
50,0,3,0,0
50,0,1,0,0
132,1,2,1,1
148,1,2,0,1
56,0,3,0,1
43,0,2,0,0
39,1,2,0,0
56,0,2,0,0
159,1,9,1,1
59,0,2,0,0
58,0,2,0,0
41,1,2,0,0
43,0,3,0,1
68,0,4,0,1
32,1,2,0,0
23,1,2,0,0
40,0,2,0,1
49,0,2,0,0
58,0,2,0,0
26,0,3,0,0
57,0,3,0,1
48,1,2,0,1
46,1,2,0,0
23,1,2,0,0
43,1,2,1,0
59,0,3,0,0
19,1,1,0,1
38,1,2,0,0
139,1,2,1,1
120,1,4,1,1
62,0,2,0,1
40,0,4,0,1
67,0,2,1,1
27,1,2,0,0
19,0,1,0,1
27,1,2,0,0
32,1,2,0,0
85,1,2,0,1
101,1,2,1,1
67,0,1,0,0
40,0,2,0,0
37,0,2,0,1
126,0,4,1,1
52,1,2,1,1
59,0,1,0,0
15,0,1,0,1
77,1,2,0,0
56,0,5,0,1
81,1,3,0,0
30,0,2,0,1
28,1,2,0,0
54,0,3,1,0
21,0,2,0,0
49,1,2,0,1
60,1,5,1,1
43,1,2,0,0
56,1,2,0,0
132,1,3,1,1
75,1,4,0,1
30,0,2,0,1
35,0,2,0,1
49,1,3,0,0
89,0,2,0,0
254,0,2,1,1
21,1,2,0,0
52,0,5,0,1
92,1,3,0,1
74,0,2,0,0
41,0,3,0,1
41,1,2,0,0
21,0,1,0,1
21,0,2,0,0
34,1,3,0,0
90,0,3,0,1
127,1,4,1,1
22,0,3,0,1
67,0,2,0,1
126,0,3,1,1
45,1,1,0,1
41,0,3,0,0
45,0,2,0,1
20,0,1,0,1
30,1,2,0,0
29,1,2,0,1
46,0,2,1,1
35,0,1,0,1
55,0,1,0,0
111,1,3,0,0
62,0,1,0,1
74,0,3,0,1
141,1,2,1,1
40,0,2,0,1
115,0,3,0,0
28,0,2,0,0
25,0,1,0,1
29,0,2,0,0
26,1,2,0,0
41,0,2,0,1
29,0,3,0,0
46,0,2,0,1
46,0,3,0,1
123,1,5,1,1
26,1,2,0,0
100,1,3,0,0
22,0,1,0,1
55,1,5,0,1
21,1,2,0,0
21,0,1,0,1
48,0,2,2,1
88,0,3,0,0
19,0,3,0,1
28,0,1,0,1
63,0,3,0,0
26,0,1,0,1
37,0,2,0,1
41,0,2,0,1
218,0,3,1,1
63,0,1,0,1
130,1,2,1,1
35,0,2,0,0
127,1,4,1,1
48,1,2,0,0
28,1,2,0,0
107,0,2,0,0
74,0,3,0,0
27,1,2,0,0
26,1,2,0,0
53,0,3,0,0
31,0,2,0,0
33,0,2,0,0
25,0,2,0,0
59,0,2,0,1
54,1,2,1,1
25,1,2,0,0
70,0,2,0,1
34,0,3,0,1
43,1,2,0,0
56,1,2,0,1
22,1,2,1,0
25,1,1,0,0
211,1,2,1,1
60,0,2,0,0
102,0,3,1,1
87,1,2,0,0
25,0,2,0,0
94,0,3,1,1
69,0,3,0,0
54,0,3,0,1
45,0,3,0,0
26,1,2,0,0
45,1,2,0,1
24,1,2,0,0
153,1,5,2,1
268,0,3,1,1
128,1,4,1,1
69,0,2,0,1
51,0,2,0,1
41,0,2,0,1
28,1,2,0,0
136,1,2,1,1
52,0,3,0,1
47,0,2,0,0
106,0,2,0,1
396,0,24,3,1
41,0,3,0,1
31,0,2,0,0
134,0,4,1,1
100,0,4,0,1
42,0,2,0,1
109,1,1,0,0
31,0,2,0,1
78,1,4,0,1
61,0,2,0,0
59,0,3,0,0
69,0,1,0,1
28,0,1,0,1
243,0,14,2,1
39,1,2,0,1
44,0,3,0,1
26,0,1,0,1
84,0,2,0,1
44,1,2,0,0
49,1,3,0,1
37,0,4,0,1
30,1,2,0,0
38,0,2,0,1
47,1,1,1,1
84,0,1,0,0
45,0,2,0,1
103,0,4,1,1
115,0,4,1,1
60,0,2,0,0
47,0,2,0,0
37,1,3,0,0
48,0,1,0,1
53,0,2,0,0
56,1,3,0,0
44,0,2,0,0
52,0,3,0,1
68,1,1,0,0
30,1,2,0,1
25,1,2,0,0
32,1,2,0,0
26,1,2,0,0
39,0,3,0,1
20,1,1,0,0
31,0,2,0,1
21,0,2,0,0
40,0,2,0,0
49,0,3,0,1
47,1,1,0,1
52,0,1,0,1
43,0,2,0,1
78,0,3,0,1
25,1,1,0,0
59,1,2,0,1
127,1,4,1,1
93,0,2,0,1
31,0,2,0,1
23,1,2,0,0
29,0,2,0,0
39,0,2,0,1
20,0,2,0,1
85,1,1,0,0
47,1,3,0,0
70,0,6,0,1
51,0,3,0,1
40,0,1,0,1
49,0,2,1,1
51,0,3,0,0
101,0,2,0,0
29,1,1,0,0
43,0,2,0,0
37,1,3,0,0
28,1,2,0,0
153,0,2,1,1
35,0,2,0,0
89,0,3,0,0
83,0,3,0,1
77,1,2,0,0
72,0,1,0,1
23,0,2,0,0
34,1,2,0,1
123,1,2,1,1
127,1,4,1,1
72,1,2,0,1
36,0,2,0,0
97,0,1,1,1
35,0,2,0,1
48,1,2,0,1
46,1,4,0,1
28,0,1,0,1
164,1,6,2,1
19,0,2,0,1
49,0,2,0,1
68,0,1,0,1
41,1,2,0,0
45,0,1,0,0
87,1,2,0,0
63,1,2,0,0
119,0,4,0,1
75,0,3,0,1
17,0,2,0,0
13,0,1,0,0
93,0,3,0,1
45,0,3,0,0
72,1,2,0,0
34,0,3,0,0
57,0,3,0,0
409,0,3,1,1
45,0,3,0,0
109,0,3,0,1
66,1,2,0,0
41,0,1,1,1
35,0,2,0,1
45,0,2,0,0
45,1,1,0,1
260,0,13,1,1
37,1,2,0,0
31,1,3,0,0
26,0,2,0,1
83,1,3,0,0
37,0,3,0,1
54,0,1,0,1
53,0,3,0,0
23,1,3,0,0
27,0,2,0,0
62,0,2,0,1
36,1,2,0,1
54,0,2,0,0
18,1,2,0,0
52,1,3,0,1
23,0,2,0,0
41,1,2,0,1
88,1,3,0,0
36,0,2,0,0
38,0,3,0,1
78,1,4,0,1
52,0,3,0,0
59,1,2,0,0
64,1,2,1,1
73,0,1,1,1
43,1,2,0,0
128,1,4,1,1
21,1,2,0,0
28,0,3,0,1
19,1,1,0,1
77,0,1,0,1
74,0,4,0,1
63,1,2,2,1
31,0,1,0,1
95,0,2,0,0
115,0,2,0,1
56,0,3,0,1
31,0,1,0,1
30,1,2,0,1
278,1,3,1,1
64,0,3,0,1
126,1,4,1,1
72,0,1,0,0
29,0,2,0,0
44,0,2,0,1
51,1,2,0,0
40,0,2,0,0
102,1,4,0,0
50,0,3,0,1
132,1,2,1,1
48,1,2,1,1
50,0,2,0,0
46,0,3,0,1
30,0,2,0,0
41,1,2,0,1
130,1,2,1,1
46,1,3,0,0
45,1,2,0,0
44,1,2,0,0
90,1,4,0,1
30,0,1,0,1
30,0,2,0,0
46,0,2,0,1
258,0,6,1,1
218,0,3,1,1
36,1,1,0,1
30,1,2,0,0
22,0,2,0,0
32,1,2,0,0
50,0,2,0,1
77,1,2,0,1
50,0,2,0,1
43,1,2,1,0
86,0,1,0,0
37,1,2,0,0
33,1,2,0,0
24,1,2,0,0
15,1,1,0,0
46,1,3,0,1
76,0,3,0,0
81,0,3,0,0
27,1,2,0,0
101,0,3,1,0
80,0,2,0,0
34,1,2,0,1
131,1,7,0,1
46,0,3,0,1
73,0,3,0,0
144,0,1,0,1
43,0,2,0,1
42,1,2,0,0
25,0,2,0,0
105,1,2,1,0
48,1,1,0,1
83,0,2,0,0
27,0,2,0,0
51,0,2,0,1
71,0,2,0,1
99,0,4,0,0
74,0,3,0,0
154,1,4,0,1
49,1,2,0,0
31,1,1,0,1
61,0,3,0,0
68,0,3,0,0
30,1,2,0,0
19,1,2,0,0
25,1,3,0,0
20,0,1,0,1
34,0,2,0,0
66,1,5,0,1
24,1,2,0,0
71,1,2,0,0
24,1,2,0,0
66,1,2,1,0
50,1,3,1,0
47,1,2,0,0
23,0,2,0,0
32,1,2,0,0
108,0,8,1,1
64,0,2,0,0
31,1,2,0,0
29,0,2,0,0
41,0,2,0,0
38,0,1,0,1
49,1,2,0,0
41,1,3,0,0
24,0,2,0,1
45,0,1,0,0
69,0,3,0,1
70,1,2,0,0
52,0,3,0,1
53,0,3,0,0
61,0,2,0,0
42,1,2,0,1
56,0,3,0,0
73,0,2,0,0
75,0,4,0,0
77,1,2,1,1
59,0,2,0,0
29,0,2,0,1
62,0,2,0,0
74,0,2,0,1
24,0,1,0,0
67,0,2,0,0
89,1,3,0,0
33,1,2,0,1
100,0,4,2,1
109,0,3,0,0
64,0,3,1,1
37,1,2,0,1
86,0,2,1,1
68,0,4,0,1
28,1,2,0,0
72,0,2,0,1
43,0,2,0,0
32,1,2,0,0
51,0,2,0,1
62,0,3,0,1
139,1,2,1,1
27,1,2,0,0
89,1,3,0,1
76,0,2,0,1
415,0,2,0,1
84,0,2,0,1
74,1,4,0,0
75,0,2,0,0
62,0,2,0,0
25,1,2,0,0
59,1,2,0,0
38,0,2,0,0
26,0,2,0,1
38,0,2,0,1
21,1,2,0,0
40,0,5,0,0
29,0,3,0,1
37,0,2,0,1
20,0,2,0,0
41,0,2,0,1
64,0,3,0,0
50,0,1,0,1
46,0,2,0,1
35,0,2,0,1
37,0,2,0,0
61,0,4,1,1
27,1,2,0,0
32,1,2,0,0
43,1,2,0,1
30,1,3,0,1
204,1,3,1,1
30,1,2,0,0
40,0,3,0,1
82,1,2,0,1
41,1,2,0,0
24,0,3,0,0
43,1,2,0,0
31,0,3,0,0
56,0,1,0,1
71,0,2,0,1
53,0,2,0,1
31,0,2,0,0
41,0,2,0,1
90,0,2,0,0
168,1,2,0,1
226,0,3,1,1
126,0,4,1,1
66,0,1,0,1
71,1,2,0,0
31,1,2,0,0
23,0,1,0,1
31,0,2,0,0
23,0,2,0,0
53,0,2,0,1
54,0,3,0,1
266,0,3,1,1
41,0,2,0,0
118,1,5,3,1
77,0,1,0,1
40,1,2,0,1
27,0,2,0,0
66,1,2,1,0
19,0,2,0,0
127,1,4,1,1
44,0,2,0,0
28,1,1,0,0
37,0,2,0,0
27,0,2,0,0
75,1,5,0,1
65,0,3,0,0
24,1,2,0,0
146,1,6,1,1
74,0,3,0,0
27,1,2,0,0
24,1,1,0,1
45,1,3,0,1
31,1,2,0,0
74,0,3,0,0
128,0,7,1,1
29,0,2,0,1
49,0,3,0,0
74,0,2,0,0
34,0,4,0,1
30,1,2,0,0
71,0,3,0,1
74,0,2,0,1
25,1,2,0,0
87,1,3,2,1
145,1,1,0,1
34,0,4,0,1
42,0,3,0,0
128,1,4,1,1
65,0,2,0,0
27,1,2,0,0
28,0,2,0,0
128,0,7,0,1
128,1,4,1,1
93,0,1,0,0
27,0,2,0,1
81,0,4,1,0
56,1,2,0,0
18,0,2,0,0
29,1,2,0,0
78,0,3,0,1
51,0,1,1,1
69,0,3,0,0
109,0,2,0,0
39,0,3,0,1
48,1,2,0,1
35,0,2,0,1
80,0,2,0,0
61,0,3,0,1
23,1,2,0,0
19,1,2,0,0
47,0,4,0,1
81,0,3,0,0
56,0,4,0,0
21,1,1,0,0
50,1,2,0,0
51,0,1,0,0
26,0,2,0,0
41,0,2,0,1
77,0,1,0,1
25,0,2,0,1
46,1,3,0,1
59,1,8,0,1
43,1,2,1,0
52,0,2,0,1
48,0,2,0,0
74,0,4,0,1
22,0,2,0,0
177,0,4,1,1
50,1,2,0,0
51,1,3,1,0
123,1,5,1,1
171,0,2,1,1
38,0,2,0,0
123,1,5,1,1
42,0,3,0,1
48,0,2,0,0
21,1,1,0,1
37,1,2,0,0
52,0,4,0,1
27,1,2,0,0
35,1,1,0,0
165,0,4,1,1
66,1,2,0,1
50,0,2,2,1
78,0,3,0,0
40,0,2,0,0
75,0,3,0,1
68,0,4,0,1
39,0,2,0,1
74,0,3,0,1
121,0,7,2,1
90,0,3,1,1
45,1,3,0,1
89,0,3,0,0
51,0,5,0,1
23,1,2,0,0
26,0,2,0,0
135,1,2,1,1
28,1,2,0,0
43,0,2,0,0
50,0,3,0,1
27,0,2,0,0
25,1,2,0,0
40,0,4,0,0
59,0,4,0,1
31,0,3,0,1
28,1,2,0,1
105,0,3,1,1
35,1,2,0,0
41,0,2,0,1
24,1,2,0,0
204,1,2,1,1
28,0,2,0,0
74,0,3,0,1
49,1,2,0,0
55,0,3,0,0
26,1,2,0,0
30,0,2,0,1
32,1,2,0,1
25,1,2,0,0
101,1,2,0,1
36,1,2,0,1
36,0,2,0,0
27,1,2,0,0
59,0,2,1,0
63,1,2,0,0
71,0,2,0,1
22,0,3,0,1
50,0,2,0,0
128,1,4,1,1
58,0,2,0,0
46,0,1,0,1
267,0,14,1,1
111,0,3,0,0
24,1,2,0,0
41,0,2,0,1
46,0,3,0,1
33,1,2,0,0
47,1,3,1,1
45,0,2,0,0
61,1,3,1,1
28,1,2,0,1
44,0,2,0,0
44,0,2,0,0
81,1,1,0,0
51,0,2,0,1
88,0,3,0,1
37,1,2,0,1
126,0,4,1,1
30,0,1,0,1
48,1,2,0,1
49,1,6,0,1
113,0,3,0,1
35,1,2,0,0
35,1,2,0,1
37,0,2,0,0
132,1,3,1,1
69,0,1,0,0
57,0,3,0,0
38,1,2,0,1
51,1,3,0,0
30,1,2,0,1
30,1,1,0,0
45,0,2,1,0
52,1,3,0,1
93,0,2,0,0
45,1,2,0,0
565,0,3,1,1
72,0,2,0,1
59,0,2,0,1
101,1,5,2,1
49,0,2,0,0
59,0,3,0,0
22,0,3,0,1
80,0,4,0,0
71,1,2,0,0
28,1,2,0,0
70,1,2,0,0
33,1,2,0,0
59,1,2,0,0
99,1,2,0,1
21,1,2,0,0
129,1,3,1,1
36,1,4,0,1
29,1,1,0,1
53,0,1,0,0
235,0,1,1,1
26,0,2,0,1
52,0,1,0,1
61,0,2,0,1
65,0,4,0,0
45,0,3,0,0
49,0,1,0,1
38,0,3,0,1
36,0,2,0,1
119,0,2,0,0
53,0,3,1,0
45,0,3,0,1
162,0,1,0,1
34,0,2,0,1
29,1,2,0,0
56,1,2,0,0
30,0,2,0,0
18,0,2,0,0
45,0,2,0,0
68,0,4,0,1
103,1,2,0,0
30,0,2,0,0
57,0,3,0,0
46,0,2,0,0
46,0,3,0,0
27,0,2,0,0
80,0,3,1,1
268,0,3,1,1
35,1,2,0,0
31,1,2,0,0
18,0,2,0,0
98,0,3,2,1
26,0,2,0,0
55,0,2,0,0
70,0,3,0,0
132,1,3,1,1
116,1,3,1,1
127,1,4,1,1
66,0,3,0,0
34,1,2,0,1
128,1,4,1,1
45,0,4,0,1
65,0,3,0,1
59,0,3,0,1
68,1,4,0,0
45,0,1,0,0
42,0,2,0,1
33,0,2,0,1
52,0,2,0,0
55,1,2,0,0
51,1,3,0,1
60,0,2,0,1
45,1,2,0,0
59,0,5,0,1
82,0,4,2,1
30,1,2,0,0
28,1,2,0,0
130,0,5,1,1
31,0,2,0,0
59,0,4,0,1
25,1,1,0,1
74,0,2,0,0
47,0,2,0,0
32,1,2,0,0
27,0,1,0,0
49,0,4,0,1
30,0,2,0,1
107,0,7,0,1
127,0,4,1,1
47,0,1,0,1
34,1,2,0,0
37,0,2,0,0
39,0,2,1,0
38,0,2,0,1
59,0,2,0,0
68,0,3,0,0
54,0,4,0,1
51,1,2,0,0
25,1,2,0,0
32,1,2,0,0
45,0,2,0,0
66,0,3,0,1
85,0,2,0,0
25,1,2,0,0
37,0,2,0,1
89,0,2,1,1
41,0,2,0,0
35,1,2,0,1
36,0,2,0,1
86,0,4,0,1
53,0,2,0,0
47,0,2,0,1
36,0,2,0,0
30,0,3,0,1
34,1,2,0,0
86,1,2,0,0
23,0,3,0,0
25,0,2,0,0
44,0,5,0,1
39,1,2,0,0
27,1,2,0,0
68,0,2,0,0
46,0,1,0,0
27,0,3,0,1
41,0,1,0,1
35,0,2,0,1
61,1,2,1,0
25,1,2,0,0
58,1,2,1,1
40,1,2,0,0
60,0,3,0,0
190,0,5,1,1
65,0,3,0,1
48,1,2,0,0
33,0,2,0,0
24,1,3,0,0
51,0,3,0,1
611,1,4,1,1
17,0,2,0,0
27,0,2,0,0
32,0,1,0,1
39,0,2,0,0
84,1,3,1,0
45,1,2,0,0
114,0,5,2,1
31,0,2,0,0
27,1,2,0,0
55,0,2,0,0
30,0,1,0,1
88,1,2,0,0
28,0,2,0,0
24,1,2,0,0
27,1,2,0,0
51,0,2,0,1
42,0,3,0,1
99,1,2,0,1
38,1,2,0,0
98,1,2,1,1
50,0,5,0,1
26,1,2,0,1
79,0,3,0,0
77,0,5,0,1
27,0,2,0,0
38,1,3,0,0
57,1,4,0,1
31,0,1,0,1
40,1,1,0,1
35,0,2,0,1
45,0,4,0,1
28,1,2,0,1
70,0,5,0,1
96,1,2,0,0
33,0,3,0,1
67,1,1,0,1
59,0,2,0,1
21,0,1,0,0
21,0,3,0,0
26,0,2,0,0
25,0,2,0,0
24,0,2,0,1
46,0,3,0,1
30,1,2,0,0
28,0,2,0,1
32,0,2,0,0
21,0,1,0,1
60,0,3,0,0
51,0,3,0,0
33,0,2,0,1
186,1,5,1,1
17,0,2,0,0
61,1,1,0,1
66,1,2,0,1
55,0,3,0,1
41,1,2,0,0
88,0,2,0,0
39,0,2,0,1
75,0,2,0,1
34,0,2,0,0
33,1,3,0,0
41,0,1,0,0
36,0,3,0,0
122,1,5,1,1
51,1,4,0,1
45,1,3,0,0
49,0,4,2,1
39,1,2,0,0
70,0,3,0,0
99,1,2,0,1
34,1,2,0,0
795,0,12,2,1
71,0,2,1,1
40,0,2,0,1
30,1,1,0,0
35,0,3,0,1
38,1,3,0,0
84,0,2,0,0
24,0,2,0,0
43,1,2,0,0
48,0,3,0,1
37,1,2,0,1
62,0,1,0,1
98,1,7,1,1
44,0,3,0,1
50,0,2,0,1
39,1,2,0,1
29,1,2,0,0
57,1,4,0,1
46,0,3,0,0
76,0,4,0,1
27,0,2,0,1
37,0,2,0,0
47,0,2,0,0
127,1,4,1,1
30,0,1,0,0
162,1,7,1,1
50,0,2,1,1
49,0,2,0,1
104,0,4,0,1
31,1,2,0,0
41,1,2,0,0
60,0,2,0,0
45,1,2,0,1
24,1,2,0,0
24,0,2,0,0
70,0,2,0,0
114,1,3,0,0
27,1,2,0,0
47,0,2,0,0
60,0,2,0,0
33,1,2,0,0
33,0,2,0,1
21,0,1,0,0
46,0,3,0,0
54,0,2,0,0
64,1,2,1,1
18,1,1,0,0
31,0,2,0,1
51,0,5,0,1
44,0,2,0,1
56,0,1,0,1
46,1,2,0,1
55,0,5,0,1
31,0,2,0,0
33,1,2,0,0
68,0,5,0,1
41,0,4,0,1
27,1,2,0,0
114,0,3,0,1
32,0,2,0,0
38,0,2,0,1
65,0,2,0,0
54,1,2,0,0
91,0,2,0,1
32,1,1,0,1
163,1,1,0,1
23,0,2,0,0
64,0,2,0,1
27,0,2,0,0
36,0,2,0,0
35,0,2,0,0
77,0,2,0,0
39,1,2,0,0
33,1,2,0,1
78,0,2,0,0
61,0,2,0,0
22,1,2,0,0
68,1,2,0,1
36,0,2,0,1
21,1,1,0,1
32,0,2,0,0
127,0,4,1,1
40,0,1,0,1
49,0,2,0,1
23,0,2,0,0
88,0,2,0,0
44,0,2,0,0
97,0,2,0,0
24,0,1,0,1
139,1,5,1,1
56,1,2,0,0
44,1,2,0,0
29,0,2,0,1
32,0,2,0,1
69,0,2,0,0
60,0,2,0,0
35,0,2,0,1
34,1,2,0,0
61,0,3,0,0
47,0,2,0,0
20,0,1,0,1
53,0,2,0,0
27,0,2,0,1
28,0,2,0,1
36,1,2,0,1
39,0,2,0,1
46,0,2,0,1
189,0,3,0,1
40,1,1,0,1
23,1,2,0,0
127,1,4,1,1
51,0,1,0,1
77,0,2,0,0
103,1,4,0,0
32,1,2,0,0
83,1,1,0,1
27,0,2,0,0
64,0,2,0,0
32,1,2,0,0
22,0,2,0,0
102,0,1,0,1
53,0,3,0,1
37,0,1,0,1
31,0,2,0,0
44,0,2,0,1
58,1,5,0,1
29,1,1,0,1
35,1,1,0,1
35,1,2,0,0
60,0,3,0,0
28,1,2,0,0
32,1,2,0,0
36,1,2,0,0
84,0,1,0,0
38,0,2,0,1
126,1,4,1,1
35,0,3,0,0
23,1,2,0,0
31,1,2,0,0
56,0,3,0,0
29,1,2,0,0
37,1,2,0,0
37,1,2,0,0
20,0,2,0,0
75,0,4,2,1
54,1,2,0,1
46,0,2,0,0
52,1,2,0,0
21,1,2,0,0
110,0,2,0,0
37,0,1,0,1
40,0,1,0,1
128,1,4,1,1
26,1,2,0,0
41,1,2,0,1
57,0,3,0,0
24,0,1,0,1
91,0,2,0,0
96,0,2,1,1
61,0,3,0,0
52,0,2,0,0
43,1,2,0,1
78,1,2,0,0
32,1,2,0,1
108,0,3,0,0
26,1,3,0,0
28,1,2,0,0
86,0,3,0,1
46,0,3,1,0
75,1,2,0,0
50,0,3,0,0
41,1,3,0,0
45,0,3,0,0
30,1,2,0,0
22,0,2,0,0
62,1,2,0,0
27,0,2,0,0
26,1,2,0,0
32,0,3,0,1
40,1,2,0,1
26,0,3,0,0
119,0,4,1,1
33,1,2,0,0
57,0,3,0,0
36,1,1,0,1
33,1,2,0,1
47,0,2,0,0
29,0,1,0,1
47,0,3,0,1
115,0,3,0,1
91,0,3,0,0
22,0,2,0,1
129,0,5,1,1
77,0,1,0,1
48,0,2,0,1
82,0,3,1,1
276,1,3,1,1
32,0,1,1,1
28,0,2,0,0
26,1,2,0,0
50,1,2,0,0
79,1,7,1,1
27,1,2,0,1
53,0,2,0,1
50,0,2,1,1
67,0,3,0,0
37,1,2,0,1
37,0,2,0,1
49,1,4,0,1
98,0,1,0,1
30,1,2,0,0
43,0,2,0,0
13,0,1,0,0
35,1,2,0,0
53,0,3,0,1
85,0,4,0,1
58,0,8,0,1
49,0,1,0,0
70,0,2,0,1
114,0,4,1,1
64,0,2,0,0
55,0,5,0,1
48,0,2,0,0
35,1,2,1,1
46,0,3,0,0
128,1,4,1,1
50,0,3,0,0
152,0,4,1,1
22,1,2,0,0
97,0,2,1,1
110,0,3,0,1
33,0,1,0,1
113,1,2,1,1
117,0,3,0,0
58,0,2,0,0
120,1,4,1,1
259,0,6,1,1
25,0,3,0,0
40,0,2,0,1
73,0,1,0,1
40,1,4,0,1
97,1,2,0,0
119,0,4,1,1
63,0,2,0,0
27,0,1,0,1
47,1,1,0,1
47,0,2,0,1
82,0,3,1,1
31,0,2,0,1
37,0,2,0,1
38,0,3,0,1
126,0,4,1,1
24,0,2,0,0
21,1,2,0,0
189,0,6,1,1
76,0,3,0,1
94,0,3,0,1
48,1,2,0,0
26,1,2,0,0
25,0,2,0,0
33,1,2,0,0
47,0,2,0,1
126,0,4,1,1
40,0,2,0,1
101,0,2,0,1
33,1,2,0,1
51,1,2,0,0
441,1,3,1,1
162,0,4,0,1
96,1,1,0,1
39,1,2,1,1
70,0,5,0,1
64,0,3,0,0
74,1,3,0,1
43,1,2,0,0
20,0,3,0,1
80,0,4,0,0
26,1,2,0,0
26,0,2,0,0
67,0,2,1,0
99,0,3,0,0
17,1,1,0,0
96,1,2,0,1
62,0,3,0,0
22,1,2,0,0
58,0,3,0,0
30,1,2,0,0
61,0,1,0,1
27,0,2,0,0
209,0,4,1,1
127,1,4,1,1
53,0,2,0,0
34,0,2,0,0
21,0,2,0,0
34,1,2,0,0
37,0,2,0,0
29,0,2,0,0
54,0,2,1,1
38,0,2,0,1
52,1,4,2,1
17,0,1,0,0
416,1,2,0,1
60,0,3,1,1
77,1,3,0,1
101,0,2,0,0
35,1,2,0,0
47,1,1,0,0
119,1,1,0,1
89,1,4,0,1
38,0,2,0,1
27,0,2,0,0
55,1,2,0,0
29,0,2,0,0
36,0,2,0,1
78,1,2,0,0
71,0,2,0,1
19,0,1,0,1
28,1,1,0,0
20,1,2,0,0
62,0,3,0,0
62,0,3,1,1
27,1,2,0,0
131,0,5,1,1
34,0,2,0,0
218,0,4,1,1
41,0,3,0,0
75,0,2,0,1
24,0,2,0,0
39,0,2,0,1
57,0,4,0,0
49,0,1,0,0
45,0,2,0,0
54,0,3,1,0
88,1,2,0,0
87,1,2,0,1
98,0,2,0,1
201,0,2,0,1
46,1,3,0,0
24,1,1,0,1
276,0,4,1,1
26,1,1,0,0
44,0,1,0,1
65,0,2,0,1
128,1,4,1,1
48,0,2,0,1
49,0,3,0,1
44,0,3,0,0
33,1,5,0,1
85,0,3,0,1
64,0,3,0,1
56,0,4,0,1
30,1,2,0,0
36,0,2,0,0
35,0,2,0,0
30,0,2,0,0
26,1,2,0,0
28,1,2,0,0
26,0,2,0,1
40,1,1,0,0
25,1,2,0,0
37,0,2,0,1
24,1,2,0,0
56,1,3,0,0
189,1,2,1,1
104,1,2,1,1
51,0,5,0,1
44,1,4,0,1
44,0,2,0,1
124,0,4,1,1
49,0,3,0,0
51,1,3,0,1
21,0,3,0,0
34,1,2,0,0
19,0,2,0,1
127,1,4,1,1
65,0,3,2,1
50,0,3,0,1
86,1,3,0,1
68,0,3,0,0
65,0,2,0,1
68,1,3,1,0
31,1,2,0,0
49,0,2,0,1
26,0,2,0,0
238,1,3,1,1
48,0,3,0,1
40,0,1,0,0
35,0,1,0,0
58,0,2,0,1
22,0,2,0,1
39,0,3,0,0
144,0,3,0,1
43,0,3,0,1
43,1,2,0,1
32,1,2,0,0
42,1,3,0,1
87,1,4,0,0
61,1,2,0,0
48,1,3,0,0
22,0,1,0,1
126,1,4,1,1
51,0,3,0,1
39,0,1,0,1
155,0,3,1,1
22,0,2,0,0
104,1,1,0,0
37,1,3,0,0
45,0,2,0,0
51,0,3,0,1
27,1,2,0,0
29,1,2,0,1
23,1,2,0,0
63,0,5,0,1
38,0,2,0,0
75,1,2,0,0
21,0,1,0,0
50,0,3,0,0
35,0,2,0,0
30,0,2,0,0
43,0,2,0,0
54,1,2,0,1
44,1,2,0,1
55,0,3,0,1
21,0,2,0,0
34,0,2,2,1
102,0,3,0,1
80,0,2,1,1
35,0,2,0,1
39,0,2,0,1
42,0,2,0,1
36,1,2,0,0
27,0,2,0,1
36,0,2,0,0
35,1,2,0,1
46,0,2,0,0
46,0,2,0,1
199,1,2,0,1
22,1,1,0,1
79,0,3,0,0
37,0,2,0,1
77,0,1,0,1
41,0,2,0,1
77,0,3,0,1
49,1,2,0,0
45,1,5,0,1
45,1,3,0,0
31,0,2,0,0
48,0,3,0,1
54,0,5,0,1
23,0,1,0,0
53,1,3,0,1
62,0,4,0,1
46,0,1,0,1
45,1,2,0,1
105,0,4,2,1
63,0,2,0,0
49,1,4,0,1
30,1,2,0,0
26,1,2,0,0
26,0,2,0,0
88,1,2,0,0
113,0,3,1,1
72,0,3,0,0
36,0,2,0,1
110,0,16,0,1
70,1,2,0,1
138,1,3,0,0
19,1,2,0,0
57,0,3,0,0
58,0,3,0,0
126,0,4,1,1
40,0,2,0,0
23,0,1,0,0
57,1,2,0,1
50,0,3,0,1
77,0,1,0,1
25,1,2,0,0
63,1,3,0,0
55,0,3,0,0
79,0,4,0,1
44,0,2,0,0
118,1,4,1,1
40,0,2,0,0
35,1,4,0,1
30,1,2,0,0
38,0,1,0,0
39,1,2,0,1
72,1,2,0,0
26,1,3,0,0
25,0,2,0,1
25,0,3,0,0
170,0,5,1,1
55,0,3,0,0
76,0,2,0,0
27,1,1,0,0
30,0,1,0,1
37,1,2,0,1
49,1,3,0,1
127,1,4,1,1
49,0,2,0,0
102,0,3,0,0
99,1,2,0,1
28,0,2,0,0
44,0,1,0,0
46,0,2,0,0
40,0,3,0,0
59,0,3,1,1
42,0,2,0,0
70,0,3,0,0
118,0,4,1,1
60,0,2,0,1
34,0,2,0,1
32,0,2,0,1
27,1,2,0,0
38,0,2,0,1
28,0,2,0,0
28,0,2,0,1
60,1,3,0,0
19,0,2,0,0
18,1,1,0,0
81,0,2,0,1
121,1,3,1,1
112,0,3,0,0
31,0,1,0,1
32,0,2,0,1
54,0,3,0,0
53,0,2,0,0
33,0,1,0,1
27,0,2,0,0
50,0,2,0,0
126,0,3,1,1
57,1,3,0,0
36,0,3,0,0
58,0,2,0,0
40,1,2,0,1
37,0,1,0,1
24,1,1,0,0
177,1,3,0,1
112,0,1,0,0
35,0,2,0,0
94,0,3,0,1
45,1,2,0,1
42,0,2,0,1
47,0,2,0,0
48,1,3,0,1
29,1,2,0,0
42,0,2,0,1
46,0,1,0,0
76,0,3,1,1
73,0,2,0,0
100,0,3,0,1
163,0,3,1,1
54,0,3,0,0
37,0,2,0,1
30,1,2,0,0
53,0,2,0,0
24,0,1,0,1
26,0,2,0,0
22,0,1,0,0
92,1,3,0,1
48,0,2,0,0
31,0,2,0,0
24,1,3,0,0
40,0,4,2,1
92,1,1,0,0
56,0,3,0,0
95,0,3,0,0
235,0,4,1,1
61,0,2,0,0
43,0,3,0,0
37,0,3,0,1
38,1,2,0,0
47,0,3,0,0
66,0,3,0,1
136,1,4,1,1
72,0,2,0,0
43,0,3,0,0
59,0,5,0,1
27,1,2,0,0
43,0,3,0,0
388,1,3,1,1
123,0,5,2,1
125,0,4,1,1
49,0,2,0,0
44,1,3,0,1
62,0,2,0,1
74,0,2,0,1
44,0,3,0,0
31,1,2,0,1
36,0,2,0,0
88,0,2,0,1
23,0,2,0,0
49,0,2,0,0
24,1,2,0,0
39,0,2,0,1
42,1,2,0,1
42,0,2,0,1
150,0,4,1,1
44,1,3,0,0
34,1,3,0,0
19,0,2,0,0
35,0,2,0,0
68,0,1,0,1
33,0,2,0,1
30,0,2,0,0
73,1,4,0,1
41,0,2,0,1
80,1,4,1,0
32,0,2,0,1
39,1,2,0,0
67,0,3,0,1
32,0,2,0,0
48,0,2,0,1
32,1,3,0,0
56,0,3,0,0
103,1,2,0,1
77,1,2,0,0
39,1,1,0,0
63,0,3,0,0
30,0,2,0,0
44,1,3,0,1
24,1,2,0,0
129,0,5,1,1
98,0,1,0,0
77,1,2,0,0
45,0,2,0,1
94,0,4,0,0
20,1,2,0,0
73,1,4,0,1
73,0,3,0,0
32,0,2,0,0
36,1,2,0,0
85,0,1,0,0
69,0,2,0,1
126,1,4,1,1
40,1,1,0,0
32,1,2,0,0
50,1,2,0,0
29,0,2,0,1
39,0,2,0,1
28,1,2,0,0
40,0,2,0,1
39,0,1,0,1
70,0,3,0,0
22,1,2,0,0
30,1,2,0,0
40,0,2,0,0
33,0,2,0,0
25,1,3,0,0
41,0,2,0,0
149,1,1,0,1
51,0,2,0,0
63,0,2,0,0
51,0,1,0,0
73,0,3,0,1
32,0,2,1,0
64,0,2,0,1
89,0,3,0,0
65,1,5,0,1
32,1,2,0,0
44,0,2,0,0
39,0,2,0,0
28,0,2,0,0
26,0,2,0,0
35,0,2,0,0
118,0,4,1,1
63,1,2,0,0
28,1,1,0,0
32,1,3,0,0
45,0,1,0,1
40,0,2,0,0
54,1,2,1,1
75,0,3,1,1
36,0,2,0,0
51,1,2,0,1
18,0,2,0,0
28,0,2,0,1
22,1,2,0,0
18,1,1,0,0
50,1,2,0,1
46,0,3,0,1
30,0,2,0,0
63,0,2,0,0
49,1,2,0,0
26,1,2,0,0
30,0,2,0,1
27,1,1,0,1
40,0,2,0,1
50,0,2,0,1
60,0,2,0,0
26,0,1,0,1
41,0,3,0,0
28,0,2,0,0
40,0,2,0,1
33,0,1,0,0
245,0,2,1,1
28,1,2,0,0
54,0,5,0,1
120,1,2,1,1
98,0,1,0,1
55,0,2,0,0
77,1,2,0,0
25,1,2,0,0
132,1,2,1,1
26,1,2,0,0
51,1,2,0,0
46,0,2,0,0
60,1,4,0,1
44,0,5,0,1
33,0,2,0,1
69,0,3,0,0
26,0,1,0,0
109,1,8,2,1
50,0,4,0,1
31,1,2,0,0
76,1,3,0,0
37,0,2,0,1
124,1,5,1,1
37,1,2,0,1
359,0,22,2,1
208,0,7,1,1
46,1,2,0,0
28,1,2,0,0
68,0,1,0,0
42,0,3,0,1
26,0,2,0,0
40,1,1,0,1
84,0,3,0,0
47,0,2,0,1
56,0,2,1,0
40,0,2,0,0
24,0,2,0,0
199,0,3,1,1
28,1,2,0,0
24,1,2,0,0
29,1,1,0,0
25,0,2,0,0
75,1,1,0,1
38,0,2,0,0
38,0,2,0,1
50,0,3,0,0
117,0,3,0,0
173,1,5,2,1
64,0,2,0,1
38,0,2,0,1
102,0,2,0,0
42,0,2,0,0
41,1,2,0,0
76,1,5,0,0
36,0,2,0,0
41,0,3,0,0
18,0,1,0,0
57,0,5,0,1
54,1,2,0,0
96,0,2,0,0
74,0,2,0,1
35,0,2,0,1
29,0,2,0,1
29,1,2,0,0
23,1,1,0,0
122,1,2,1,1
32,1,2,0,0
41,0,2,0,1
56,0,5,0,1
41,1,2,0,0
169,0,3,1,1
23,1,2,0,0
85,0,4,0,1
23,1,1,0,1
15,1,1,0,0
53,1,2,2,1
119,1,3,0,1
150,0,5,1,1
78,0,3,0,0
49,1,2,0,0
62,0,2,0,0
56,0,2,0,0
90,0,3,0,0
63,1,3,0,0
47,0,4,0,1
45,0,3,0,1
35,0,2,0,0
154,1,2,1,1
52,0,3,0,0
27,1,3,0,0
77,0,3,0,0
45,0,3,1,0
40,1,2,0,1
106,0,2,0,1
54,0,2,0,0
79,0,2,0,1
85,1,2,1,1
41,0,2,0,1
45,1,2,0,0
55,0,3,0,0
75,0,2,0,0
190,1,2,1,1
39,1,3,0,1
41,1,2,0,0
29,1,3,0,0
64,1,3,0,0
45,0,2,0,0
76,0,4,0,0
43,0,2,0,1
48,0,3,0,0
127,0,4,1,1
41,1,3,0,1
21,1,1,0,1
52,0,3,0,0
39,0,3,0,1
62,0,3,1,1
90,1,4,0,1
43,0,2,0,1
107,0,2,0,1
29,1,3,1,0
36,0,2,0,0
66,0,1,0,0
255,1,3,1,1
22,0,2,0,0
30,1,2,0,0
21,0,2,0,1
82,1,2,0,0
82,0,2,0,0
23,1,2,0,0
76,1,2,0,1
47,1,1,0,1
29,0,2,0,1
42,1,1,0,1
44,0,2,0,0
128,1,4,1,1
56,1,3,0,0
16,0,1,0,0
104,0,4,0,1
26,0,2,0,0
65,1,2,0,0
63,0,2,0,0
65,0,4,0,0
37,0,2,0,1
43,0,3,0,0
78,1,4,0,1
22,1,2,0,0
36,1,1,0,1
105,0,3,2,1
24,0,2,0,0
34,0,2,0,0
81,0,2,1,0
40,1,2,0,0
66,0,4,0,1
42,1,4,0,0
80,1,6,1,1
31,1,3,0,0
70,0,2,0,1
49,0,3,0,0
45,0,2,0,1
40,0,1,0,1
31,1,2,0,0
23,1,2,0,0
41,1,2,0,1
94,1,2,0,0
47,0,2,0,1
81,1,5,1,1
69,1,4,0,1
138,0,3,1,1
57,0,2,0,0
52,1,3,0,0
41,0,3,0,1
130,1,5,1,1
21,0,1,0,0
34,0,2,0,0
45,0,2,0,1
20,0,2,0,0
28,0,2,0,0
46,1,3,0,0
42,0,2,0,1
27,1,2,0,0
26,0,2,0,1
25,1,2,0,0
214,0,5,1,1
55,0,4,0,1
28,1,2,0,0
93,0,2,0,1
78,0,1,0,0
64,1,2,0,0
51,0,3,0,1
35,0,2,0,0
26,1,2,0,0
47,0,2,0,0
51,1,2,0,1
49,1,3,0,0
55,0,1,0,1
25,0,1,0,1
77,0,1,0,1
52,0,3,0,0
39,1,2,0,1
57,1,2,0,1
28,1,1,0,0
132,1,3,1,1
44,0,3,0,1
30,0,3,0,1
76,0,4,0,1
55,1,2,0,0
103,0,3,0,0
466,1,4,1,1
66,0,2,0,1
127,0,1,0,1
59,0,4,1,1
81,0,2,0,1
128,1,4,1,1
93,0,1,0,1
44,0,2,0,0
80,0,3,0,0
79,1,3,0,1
28,0,1,0,0
27,1,2,0,0
49,0,2,0,0
42,0,2,0,0
71,0,2,0,0
66,0,3,0,0
69,0,3,0,0
80,1,1,0,0
27,1,2,0,0
67,0,3,0,1
30,1,2,0,0
41,0,2,0,1
35,0,1,0,0
53,0,3,0,1
29,1,2,0,0
46,0,1,0,0
92,1,3,1,1
49,0,2,0,1
116,1,2,0,0
51,1,3,1,1
79,1,3,0,1
29,0,2,0,1
24,0,2,0,0
35,0,2,0,0
45,0,2,0,0
36,1,3,1,0
125,1,3,0,0
60,0,2,0,1
79,1,2,0,0
61,0,5,0,1
60,1,3,0,1
30,1,2,0,0
228,0,2,1,1
21,0,2,0,0
25,0,2,0,0
54,0,2,0,0
52,0,2,0,0
97,1,3,2,1
27,1,2,0,0
29,1,2,0,0
40,0,2,0,0
75,1,4,0,1
26,0,1,0,1
164,0,3,2,1
83,1,2,1,1
45,1,2,0,0
58,0,2,0,0
64,0,1,0,1
66,0,3,0,0
72,0,3,0,0
36,1,2,0,0
56,0,3,0,0
32,1,2,0,0
81,0,5,0,1
69,0,4,1,1
56,0,3,0,0
46,0,2,0,0
61,1,5,0,1
39,0,2,0,1
24,0,2,0,0
77,0,2,0,0
106,0,3,0,0
42,0,2,0,1
69,0,4,0,1
29,1,3,0,0
58,0,3,0,0
27,0,2,0,0
49,0,2,0,1
186,0,2,0,1
68,0,4,0,1
78,0,3,0,0
46,1,4,0,1
39,1,2,0,0
38,0,2,0,0
53,1,3,2,1
32,0,2,0,0
28,1,2,0,0
23,0,2,0,0
27,0,2,0,0
54,0,2,0,0
68,0,4,0,1
89,0,3,0,0
83,0,2,0,0
56,0,1,1,1
56,1,2,0,0
46,0,2,0,1
38,0,1,0,1
128,1,4,1,1
59,1,3,1,1
74,0,2,0,0
239,1,3,1,1
19,0,2,0,1
64,1,2,0,0
30,1,2,0,0
100,0,2,0,1
69,1,3,1,0
29,1,2,0,1
18,0,2,0,0
17,0,1,0,0
81,0,1,0,0
81,0,3,0,0
34,1,1,0,0
27,1,2,0,0
95,0,2,0,0
62,0,5,0,1
70,0,3,0,0
28,0,2,0,0
40,1,4,0,1
39,0,2,0,1
31,0,1,0,0
35,1,1,0,0
64,0,5,0,1
29,1,2,0,1
23,1,2,0,0
52,0,3,0,0
61,0,3,0,0
31,0,2,0,0
37,0,3,0,0
33,0,2,0,1
22,1,1,0,1
107,0,2,0,0
126,1,4,1,1
34,1,2,0,0
84,1,5,2,1
91,1,2,0,1
80,0,2,0,1
117,0,2,0,1
118,1,4,1,1
24,1,2,0,0
33,1,2,0,1
73,0,2,0,0
23,0,2,0,1
49,0,3,0,1
45,1,2,0,0
51,0,2,0,0
41,0,3,0,0
56,0,2,0,1
41,1,2,0,0
59,1,3,0,1
79,0,2,0,1
37,1,1,0,0
22,0,2,0,0
257,1,6,1,1
36,1,2,0,0
26,0,2,0,0
46,0,2,0,0
26,0,2,0,0
70,1,5,0,1
35,0,2,0,0
36,0,3,0,1
78,0,5,2,1
31,0,1,0,0
29,1,2,0,0
80,0,3,0,0
97,1,2,0,0
128,1,4,1,1
88,0,2,1,1
70,0,3,1,1
57,1,2,0,0
19,0,2,0,0
30,0,2,0,1
39,0,1,0,0
43,1,2,1,0
30,0,2,0,0
48,0,2,0,0
106,1,3,0,1
37,1,2,0,0
53,0,4,0,1
33,0,1,0,1
70,0,2,0,1
44,0,3,0,1
48,1,3,0,0
73,1,1,0,0
22,0,2,0,0
44,1,1,0,0
159,1,6,2,1
41,1,3,0,1
31,0,2,0,1
105,1,5,2,1
45,0,3,0,1
50,0,2,0,0
29,0,2,0,0
80,0,2,0,0
58,0,2,0,0
73,0,3,2,1
46,1,1,0,1
33,1,2,0,1
24,1,1,0,0
25,1,2,0,0
44,1,4,0,1
57,0,4,1,0
58,0,2,0,0
56,0,2,0,0
32,1,3,0,0
56,0,2,0,1
31,0,2,0,0
165,0,4,1,1
42,0,2,0,1
95,1,4,2,1
86,1,2,0,1
66,0,3,0,0
46,0,2,0,0
42,1,3,0,0
28,0,2,0,0
52,0,1,0,0
41,0,3,0,1
36,0,3,0,1
26,1,2,0,1
58,0,4,0,0
